House_ID,Community_Name,Region,Current_Overcrowding_Index,Last_Refurbished_Date,Asset_Condition_Score
HSG-00001,Ardyaloon,Kimberley,6,2018-01-26,5
HSG-00002,Jigalong,Pilbara,6,2022-06-18,8
HSG-00003,Carnarvon Reserve,Gascoyne,4,2013-05-16,5
HSG-00004,Ardyaloon,Kimberley,8,2020-02-01,7
HSG-00005,Carnarvon Reserve,Gascoyne,4,2019-07-03,6
HSG-00006,Burringurrah,Gascoyne,4,2018-10-14,5
HSG-00007,Burringurrah,Gascoyne,6,2014-03-12,2
HSG-00008,Pia Wadjari,Mid West,1,2006-03-16,4
HSG-00009,Cheeditha,Pilbara,3,2023-04-13,6
HSG-00010,Mungullah,Mid West,3,2002-12-10,3
HSG-00011,Burringurrah,Gascoyne,8,2024-10-06,5
HSG-00012,Carnarvon Reserve,Gascoyne,5,2002-04-25,3
HSG-00013,Burringurrah,Gascoyne,4,2014-08-10,6
HSG-00014,Yandeyarra,Pilbara,2,2024-06-25,6
HSG-00015,Cheeditha,Pilbara,4,2024-01-31,5
HSG-00016,Warmun,Kimberley,4,2017-10-11,9
HSG-00017,Coonana,Goldfields,5,2002-12-05,4
HSG-00018,Cheeditha,Pilbara,7,2011-07-26,3
HSG-00019,Jigalong,Pilbara,5,2008-10-09,2
HSG-00020,Pia Wadjari,Mid West,2,2018-06-15,6
HSG-00021,Coonana,Goldfields,7,2019-05-15,6
HSG-00022,Tjuntjuntjara,Goldfields,5,2018-04-28,5
HSG-00023,Cheeditha,Pilbara,2,2007-07-03,4
HSG-00024,Pia Wadjari,Mid West,4,2012-03-20,7
HSG-00025,Coonana,Goldfields,6,2006-08-20,2
HSG-00026,Burringurrah,Gascoyne,6,2012-08-07,5
HSG-00027,Pia Wadjari,Mid West,4,2019-03-22,7
HSG-00028,Burringurrah,Gascoyne,7,2024-05-05,7
HSG-00029,Beagle Bay,Kimberley,3,2020-06-16,5
HSG-00030,Yulga Jinna,Mid West,6,2023-11-14,7
HSG-00031,Yulga Jinna,Mid West,4,2011-09-05,5
HSG-00032,Wongatha Wonganarra,Goldfields,3,2013-06-18,3
HSG-00033,Kalumburu,Kimberley,7,2017-07-07,8
HSG-00034,Coonana,Goldfields,5,2016-10-21,7
HSG-00035,Wakathuni,Pilbara,6,2014-01-18,4
HSG-00036,Carnarvon Reserve,Gascoyne,6,2022-07-14,8
HSG-00037,Wongatha Wonganarra,Goldfields,5,2020-03-13,8
HSG-00038,Coonana,Goldfields,1,2025-07-27,7
HSG-00039,Tjuntjuntjara,Goldfields,5,2026-04-02,5
HSG-00040,Tjuntjuntjara,Goldfields,5,2007-05-05,2
HSG-00041,Yandeyarra,Pilbara,5,2023-09-24,6
HSG-00042,Kalumburu,Kimberley,8,2022-03-26,5
HSG-00043,Yulga Jinna,Mid West,3,2021-01-15,5
HSG-00044,Burringurrah,Gascoyne,7,2019-08-28,6
HSG-00045,Cheeditha,Pilbara,4,2013-06-23,6
HSG-00046,Tjuntjuntjara,Goldfields,5,2012-04-01,7
HSG-00047,Jigalong,Pilbara,3,2023-12-08,5
HSG-00048,Kalumburu,Kimberley,4,1997-02-08,3
HSG-00049,Carnarvon Reserve,Gascoyne,6,2026-04-23,6
HSG-00050,Beagle Bay,Kimberley,5,2024-05-13,5
HSG-00051,Coonana,Goldfields,2,2019-01-09,5
HSG-00052,Mungullah,Mid West,4,1997-03-30,4
HSG-00053,Burringurrah,Gascoyne,5,2018-10-01,6
HSG-00054,Mungullah,Mid West,9,2023-04-11,6
HSG-00055,Pia Wadjari,Mid West,6,2012-11-03,5
HSG-00056,Yulga Jinna,Mid West,1,2024-06-19,5
HSG-00057,Ardyaloon,Kimberley,5,2013-12-10,10
HSG-00058,Beagle Bay,Kimberley,5,2020-02-23,6
HSG-00059,Burringurrah,Gascoyne,5,2009-10-29,3
HSG-00060,Cheeditha,Pilbara,8,2012-01-26,7
HSG-00061,Warmun,Kimberley,7,1997-04-16,4
HSG-00062,Kalumburu,Kimberley,8,2014-04-15,3
HSG-00063,Jigalong,Pilbara,6,2012-09-26,9
HSG-00064,Mungullah,Mid West,3,2002-05-05,4
HSG-00065,Wakathuni,Pilbara,5,2025-11-11,5
HSG-00066,Tjuntjuntjara,Goldfields,2,2016-10-27,6
HSG-00067,Burringurrah,Gascoyne,3,2022-02-22,6
HSG-00068,Coonana,Goldfields,3,2024-08-06,8
HSG-00069,Carnarvon Reserve,Gascoyne,3,2016-05-02,5
HSG-00070,Kalumburu,Kimberley,7,1998-09-21,3
HSG-00071,Carnarvon Reserve,Gascoyne,6,2024-09-11,8
HSG-00072,Beagle Bay,Kimberley,1,2023-07-30,6
HSG-00073,Beagle Bay,Kimberley,6,2014-04-01,7
HSG-00074,Carnarvon Reserve,Gascoyne,2,1995-08-06,3
HSG-00075,Kalumburu,Kimberley,6,2023-10-28,6
HSG-00076,Burringurrah,Gascoyne,6,2018-02-16,6
HSG-00077,Coonana,Goldfields,4,2017-11-10,6
HSG-00078,Cheeditha,Pilbara,6,1999-12-26,4
HSG-00079,Ardyaloon,Kimberley,9,2011-07-19,6
HSG-00080,Carnarvon Reserve,Gascoyne,2,2023-08-28,7
HSG-00081,Cheeditha,Pilbara,3,2021-12-03,7
HSG-00082,Beagle Bay,Kimberley,8,2003-01-10,4
HSG-00083,Wakathuni,Pilbara,7,2016-07-22,6
HSG-00084,Carnarvon Reserve,Gascoyne,7,2016-06-26,9
HSG-00085,Beagle Bay,Kimberley,4,2006-04-05,4
HSG-00086,Kalumburu,Kimberley,3,2010-01-14,4
HSG-00087,Wongatha Wonganarra,Goldfields,5,2019-12-07,6
HSG-00088,Cheeditha,Pilbara,6,2011-01-25,7
HSG-00089,Ardyaloon,Kimberley,5,2013-01-11,8
HSG-00090,Ardyaloon,Kimberley,4,2016-03-26,10
HSG-00091,Coonana,Goldfields,6,1999-08-27,4
HSG-00092,Yulga Jinna,Mid West,3,2026-04-02,6
HSG-00093,Beagle Bay,Kimberley,5,2024-11-21,7
HSG-00094,Carnarvon Reserve,Gascoyne,6,2013-03-28,5
HSG-00095,Bidyadanga,Kimberley,3,2003-05-15,3
HSG-00096,Coonana,Goldfields,4,2018-06-24,7
HSG-00097,Bidyadanga,Kimberley,5,1996-11-09,3
HSG-00098,Carnarvon Reserve,Gascoyne,5,2019-03-09,6
HSG-00099,Wakathuni,Pilbara,3,2026-02-27,6
HSG-00100,Tjuntjuntjara,Goldfields,5,2007-01-18,3
HSG-00101,Yandeyarra,Pilbara,6,2014-05-13,7
HSG-00102,Mungullah,Mid West,7,2019-10-08,7
HSG-00103,Tjuntjuntjara,Goldfields,2,2007-02-09,4
HSG-00104,Beagle Bay,Kimberley,6,2013-12-15,6
HSG-00105,Coonana,Goldfields,6,2017-12-03,10
HSG-00106,Burringurrah,Gascoyne,6,2016-05-17,8
HSG-00107,Bidyadanga,Kimberley,7,2020-08-06,7
HSG-00108,Coonana,Goldfields,4,2022-07-29,7
HSG-00109,Pia Wadjari,Mid West,3,2015-10-21,5
HSG-00110,Carnarvon Reserve,Gascoyne,4,2013-08-10,6
HSG-00111,Cheeditha,Pilbara,10,2012-06-04,2
HSG-00112,Mungullah,Mid West,7,1997-09-03,3
HSG-00113,Cheeditha,Pilbara,4,2013-04-27,7
HSG-00114,Wongatha Wonganarra,Goldfields,5,2003-06-30,4
HSG-00115,Bidyadanga,Kimberley,3,2016-06-24,7
HSG-00116,Pia Wadjari,Mid West,3,2013-06-10,6
HSG-00117,Wongatha Wonganarra,Goldfields,5,2010-02-24,4
HSG-00118,Yulga Jinna,Mid West,10,2013-06-20,7
HSG-00119,Cheeditha,Pilbara,1,2013-08-25,6
HSG-00120,Bidyadanga,Kimberley,4,2017-02-13,7
HSG-00121,Yulga Jinna,Mid West,3,2015-10-06,5
HSG-00122,Pia Wadjari,Mid West,6,2019-09-12,7
HSG-00123,Yulga Jinna,Mid West,2,2020-06-27,5
HSG-00124,Bidyadanga,Kimberley,4,1997-07-01,4
HSG-00125,Burringurrah,Gascoyne,9,2024-01-30,6
HSG-00126,Coonana,Goldfields,2,2020-03-16,7
HSG-00127,Ardyaloon,Kimberley,10,2018-09-30,7
HSG-00128,Carnarvon Reserve,Gascoyne,2,2011-11-02,5
HSG-00129,Carnarvon Reserve,Gascoyne,8,2001-09-24,4
HSG-00130,Mungullah,Mid West,6,2021-06-29,7
HSG-00131,Ardyaloon,Kimberley,3,2013-02-09,5
HSG-00132,Wakathuni,Pilbara,1,2012-08-20,4
HSG-00133,Yandeyarra,Pilbara,4,2000-03-28,3
HSG-00134,Yulga Jinna,Mid West,9,1997-08-23,3
HSG-00135,Burringurrah,Gascoyne,4,2011-07-24,6
HSG-00136,Burringurrah,Gascoyne,8,1996-10-20,3
HSG-00137,Wakathuni,Pilbara,8,2012-01-21,6
HSG-00138,Cheeditha,Pilbara,3,2010-07-17,6
HSG-00139,Cheeditha,Pilbara,5,2000-04-26,4
HSG-00140,Coonana,Goldfields,5,2017-12-11,5
HSG-00141,Wongatha Wonganarra,Goldfields,5,2024-03-20,7
HSG-00142,Jigalong,Pilbara,8,2001-06-14,3
HSG-00143,Jigalong,Pilbara,10,2011-11-02,2
HSG-00144,Pia Wadjari,Mid West,5,2011-11-02,7
HSG-00145,Beagle Bay,Kimberley,6,2000-11-17,4
HSG-00146,Carnarvon Reserve,Gascoyne,5,2013-09-30,5
HSG-00147,Bidyadanga,Kimberley,4,2016-11-13,7
HSG-00148,Yulga Jinna,Mid West,6,1996-08-01,4
HSG-00149,Wakathuni,Pilbara,7,2019-01-12,6
HSG-00150,Pia Wadjari,Mid West,7,2025-11-11,7
HSG-00151,Wongatha Wonganarra,Goldfields,3,2002-03-12,4
HSG-00152,Mungullah,Mid West,7,2025-11-09,7
HSG-00153,Carnarvon Reserve,Gascoyne,5,2023-07-05,6
HSG-00154,Mungullah,Mid West,8,2000-03-03,4
HSG-00155,Bidyadanga,Kimberley,6,2013-12-16,5
HSG-00156,Wakathuni,Pilbara,5,2015-12-11,7
HSG-00157,Pia Wadjari,Mid West,7,2013-01-23,7
HSG-00158,Warmun,Kimberley,8,2025-08-26,6
HSG-00159,Bidyadanga,Kimberley,7,2018-07-03,5
HSG-00160,Ardyaloon,Kimberley,6,2026-01-23,5
HSG-00161,Yandeyarra,Pilbara,5,2022-01-28,7
HSG-00162,Wakathuni,Pilbara,3,2022-08-15,9
HSG-00163,Wakathuni,Pilbara,3,2005-11-27,3
HSG-00164,Yandeyarra,Pilbara,8,2020-12-22,7
HSG-00165,Kalumburu,Kimberley,6,2025-12-21,7
HSG-00166,Burringurrah,Gascoyne,5,2002-02-23,4
HSG-00167,Kalumburu,Kimberley,5,2007-04-12,4
HSG-00168,Wongatha Wonganarra,Goldfields,7,2022-08-14,5
HSG-00169,Bidyadanga,Kimberley,3,2012-06-28,5
HSG-00170,Coonana,Goldfields,6,1997-07-09,4
HSG-00171,Coonana,Goldfields,3,2012-09-24,6
HSG-00172,Warmun,Kimberley,6,2014-07-11,5
HSG-00173,Yulga Jinna,Mid West,4,2021-10-20,6
HSG-00174,Cheeditha,Pilbara,2,1996-10-01,3
HSG-00175,Pia Wadjari,Mid West,3,2017-12-17,5
HSG-00176,Yandeyarra,Pilbara,6,2017-10-13,8
HSG-00177,Wakathuni,Pilbara,7,2013-12-11,5
HSG-00178,Warmun,Kimberley,5,2004-03-02,4
HSG-00179,Mungullah,Mid West,5,2015-01-20,5
HSG-00180,Tjuntjuntjara,Goldfields,6,2005-08-23,4
HSG-00181,Kalumburu,Kimberley,6,2020-04-17,8
HSG-00182,Wakathuni,Pilbara,5,2010-08-22,6
HSG-00183,Wakathuni,Pilbara,7,2010-10-16,5
HSG-00184,Ardyaloon,Kimberley,5,2017-02-07,6
HSG-00185,Yulga Jinna,Mid West,5,2006-12-29,4
HSG-00186,Burringurrah,Gascoyne,5,2010-08-23,6
HSG-00187,Burringurrah,Gascoyne,8,2012-08-24,7
HSG-00188,Tjuntjuntjara,Goldfields,10,2000-01-18,4
HSG-00189,Tjuntjuntjara,Goldfields,7,2019-03-31,6
HSG-00190,Cheeditha,Pilbara,10,2010-09-01,4
HSG-00191,Jigalong,Pilbara,3,2007-09-29,4
HSG-00192,Wongatha Wonganarra,Goldfields,1,2017-04-10,5
HSG-00193,Cheeditha,Pilbara,3,2018-11-28,6
HSG-00194,Cheeditha,Pilbara,6,2025-06-01,9
HSG-00195,Carnarvon Reserve,Gascoyne,7,2006-05-11,4
HSG-00196,Kalumburu,Kimberley,3,2016-06-08,6
HSG-00197,Wakathuni,Pilbara,2,2023-05-24,9
HSG-00198,Burringurrah,Gascoyne,8,2010-09-30,5
HSG-00199,Pia Wadjari,Mid West,1,2021-05-04,8
HSG-00200,Tjuntjuntjara,Goldfields,5,2023-04-27,8
HSG-00201,Pia Wadjari,Mid West,1,2011-08-11,4
HSG-00202,Beagle Bay,Kimberley,5,2021-08-15,6
HSG-00203,Coonana,Goldfields,4,2019-04-01,7
HSG-00204,Burringurrah,Gascoyne,3,2018-09-06,5
HSG-00205,Pia Wadjari,Mid West,5,2012-01-01,6
HSG-00206,Burringurrah,Gascoyne,7,2004-08-16,3
HSG-00207,Carnarvon Reserve,Gascoyne,2,2023-02-13,8
HSG-00208,Cheeditha,Pilbara,6,2012-03-13,4
HSG-00209,Jigalong,Pilbara,8,2024-03-10,6
HSG-00210,Warmun,Kimberley,8,2011-06-15,6
HSG-00211,Burringurrah,Gascoyne,10,2017-05-15,9
HSG-00212,Cheeditha,Pilbara,4,2016-06-06,7
HSG-00213,Mungullah,Mid West,6,2019-01-16,8
HSG-00214,Carnarvon Reserve,Gascoyne,3,2013-04-04,7
HSG-00215,Carnarvon Reserve,Gascoyne,7,2010-01-17,2
HSG-00216,Yandeyarra,Pilbara,2,2013-03-09,2
HSG-00217,Wongatha Wonganarra,Goldfields,4,2016-10-19,7
HSG-00218,Warmun,Kimberley,8,2016-06-07,6
HSG-00219,Pia Wadjari,Mid West,9,1997-09-02,3
HSG-00220,Pia Wadjari,Mid West,1,2023-07-28,5
HSG-00221,Warmun,Kimberley,6,2015-07-27,5
HSG-00222,Coonana,Goldfields,1,2024-02-02,5
HSG-00223,Carnarvon Reserve,Gascoyne,2,2017-08-09,7
HSG-00224,Beagle Bay,Kimberley,6,1998-09-13,4
HSG-00225,Pia Wadjari,Mid West,4,2008-08-07,4
HSG-00226,Yulga Jinna,Mid West,5,2011-04-17,7
HSG-00227,Pia Wadjari,Mid West,3,2012-12-13,6
HSG-00228,Wongatha Wonganarra,Goldfields,4,2011-03-12,4
HSG-00229,Tjuntjuntjara,Goldfields,5,1999-01-09,4
HSG-00230,Yulga Jinna,Mid West,4,2012-10-12,3
HSG-00231,Bidyadanga,Kimberley,9,2017-12-17,6
HSG-00232,Warmun,Kimberley,3,2025-06-27,6
HSG-00233,Burringurrah,Gascoyne,5,2013-05-05,5
HSG-00234,Cheeditha,Pilbara,6,2010-07-17,7
HSG-00235,Mungullah,Mid West,4,2008-01-18,4
HSG-00236,Carnarvon Reserve,Gascoyne,4,2004-10-22,1
HSG-00237,Mungullah,Mid West,2,2025-07-11,8
HSG-00238,Carnarvon Reserve,Gascoyne,9,2020-12-22,5
HSG-00239,Carnarvon Reserve,Gascoyne,6,2013-04-15,6
HSG-00240,Yandeyarra,Pilbara,10,2012-04-02,8
HSG-00241,Wakathuni,Pilbara,5,2004-09-16,4
HSG-00242,Tjuntjuntjara,Goldfields,1,2010-10-04,6
HSG-00243,Wakathuni,Pilbara,3,1997-03-23,3
HSG-00244,Mungullah,Mid West,4,1998-03-28,4
HSG-00245,Bidyadanga,Kimberley,9,2012-12-09,7
HSG-00246,Burringurrah,Gascoyne,5,2026-01-05,8
HSG-00247,Wongatha Wonganarra,Goldfields,5,1995-07-04,4
HSG-00248,Mungullah,Mid West,8,2011-08-31,6
HSG-00249,Pia Wadjari,Mid West,3,2015-08-23,5
HSG-00250,Burringurrah,Gascoyne,3,1999-12-23,3
HSG-00251,Jigalong,Pilbara,7,2014-02-02,9
HSG-00252,Mungullah,Mid West,2,2015-10-02,7
HSG-00253,Pia Wadjari,Mid West,4,2021-09-19,5
HSG-00254,Beagle Bay,Kimberley,4,1997-08-07,4
HSG-00255,Coonana,Goldfields,5,2000-04-14,4
HSG-00256,Burringurrah,Gascoyne,6,2026-03-17,5
HSG-00257,Yulga Jinna,Mid West,4,2010-04-25,4
HSG-00258,Pia Wadjari,Mid West,4,2015-07-17,7
HSG-00259,Yulga Jinna,Mid West,6,2011-12-16,4
HSG-00260,Burringurrah,Gascoyne,5,2015-07-16,7
HSG-00261,Yulga Jinna,Mid West,1,2024-07-17,6
HSG-00262,Beagle Bay,Kimberley,4,2017-02-04,7
HSG-00263,Warmun,Kimberley,3,2010-07-13,2
HSG-00264,Warmun,Kimberley,1,2020-06-09,6
HSG-00265,Coonana,Goldfields,6,2012-12-17,4
HSG-00266,Bidyadanga,Kimberley,6,2002-11-25,3
HSG-00267,Mungullah,Mid West,5,2006-09-05,3
HSG-00268,Yulga Jinna,Mid West,4,2021-03-04,6
HSG-00269,Yandeyarra,Pilbara,3,2013-07-19,5
HSG-00270,Wakathuni,Pilbara,7,1996-03-24,4
HSG-00271,Wakathuni,Pilbara,7,2005-10-11,3
HSG-00272,Wongatha Wonganarra,Goldfields,6,2025-10-03,8
HSG-00273,Wongatha Wonganarra,Goldfields,1,1997-03-17,4
HSG-00274,Warmun,Kimberley,6,2014-08-05,5
HSG-00275,Wongatha Wonganarra,Goldfields,6,2000-06-16,4
HSG-00276,Tjuntjuntjara,Goldfields,5,2017-02-19,5
HSG-00277,Pia Wadjari,Mid West,8,2023-01-29,6
HSG-00278,Yulga Jinna,Mid West,6,2014-08-11,5
HSG-00279,Wongatha Wonganarra,Goldfields,4,2017-05-20,5
HSG-00280,Pia Wadjari,Mid West,6,2025-08-13,5
HSG-00281,Kalumburu,Kimberley,6,2011-01-07,9
HSG-00282,Cheeditha,Pilbara,7,2018-07-10,5
HSG-00283,Cheeditha,Pilbara,8,2021-07-13,5
HSG-00284,Ardyaloon,Kimberley,1,2004-10-21,4
HSG-00285,Kalumburu,Kimberley,1,2015-03-26,5
HSG-00286,Bidyadanga,Kimberley,5,2015-11-01,9
HSG-00287,Jigalong,Pilbara,6,2021-08-27,5
HSG-00288,Wongatha Wonganarra,Goldfields,7,1998-01-17,2
HSG-00289,Cheeditha,Pilbara,6,2011-01-02,7
HSG-00290,Coonana,Goldfields,2,2012-04-24,8
HSG-00291,Jigalong,Pilbara,6,2013-08-20,5
HSG-00292,Coonana,Goldfields,6,2014-05-25,10
HSG-00293,Wongatha Wonganarra,Goldfields,5,2022-10-10,6
HSG-00294,Wongatha Wonganarra,Goldfields,4,2005-08-08,4
HSG-00295,Yulga Jinna,Mid West,7,2003-04-10,4
HSG-00296,Wakathuni,Pilbara,5,2025-07-16,5
HSG-00297,Burringurrah,Gascoyne,6,2018-07-04,6
HSG-00298,Warmun,Kimberley,7,2016-07-03,5
HSG-00299,Mungullah,Mid West,4,2010-05-10,4
HSG-00300,Bidyadanga,Kimberley,4,2011-04-04,6
HSG-00301,Beagle Bay,Kimberley,7,1997-03-28,4
HSG-00302,Pia Wadjari,Mid West,7,2014-06-23,8
HSG-00303,Burringurrah,Gascoyne,6,2021-10-30,9
HSG-00304,Warmun,Kimberley,3,2001-01-12,3
HSG-00305,Bidyadanga,Kimberley,1,2019-10-16,8
HSG-00306,Mungullah,Mid West,6,2015-04-12,5
HSG-00307,Wongatha Wonganarra,Goldfields,6,2003-05-04,3
HSG-00308,Pia Wadjari,Mid West,10,2020-03-29,6
HSG-00309,Mungullah,Mid West,5,2019-07-07,7
HSG-00310,Carnarvon Reserve,Gascoyne,6,2024-12-10,6
HSG-00311,Jigalong,Pilbara,3,2020-04-25,6
HSG-00312,Carnarvon Reserve,Gascoyne,9,2020-02-01,8
HSG-00313,Coonana,Goldfields,9,2026-01-08,5
HSG-00314,Jigalong,Pilbara,3,2018-03-03,5
HSG-00315,Ardyaloon,Kimberley,5,2022-05-23,7
HSG-00316,Coonana,Goldfields,1,2016-05-23,8
HSG-00317,Cheeditha,Pilbara,5,2025-03-26,5
HSG-00318,Yulga Jinna,Mid West,3,2011-05-01,3
HSG-00319,Pia Wadjari,Mid West,7,2014-09-12,6
HSG-00320,Carnarvon Reserve,Gascoyne,2,1999-09-21,3
HSG-00321,Yandeyarra,Pilbara,4,2016-10-09,9
HSG-00322,Ardyaloon,Kimberley,4,1998-11-12,3
HSG-00323,Yulga Jinna,Mid West,4,2022-09-21,5
HSG-00324,Mungullah,Mid West,1,2023-12-17,5
HSG-00325,Carnarvon Reserve,Gascoyne,4,2024-03-26,7
HSG-00326,Wongatha Wonganarra,Goldfields,9,2015-11-18,8
HSG-00327,Burringurrah,Gascoyne,4,1999-09-20,4
HSG-00328,Burringurrah,Gascoyne,10,2022-06-05,6
HSG-00329,Kalumburu,Kimberley,5,2019-10-23,5
HSG-00330,Mungullah,Mid West,5,2012-12-10,5
HSG-00331,Pia Wadjari,Mid West,4,2013-04-14,5
HSG-00332,Tjuntjuntjara,Goldfields,5,2015-06-26,5
HSG-00333,Tjuntjuntjara,Goldfields,3,2021-06-13,6
HSG-00334,Mungullah,Mid West,4,2024-04-16,8
HSG-00335,Warmun,Kimberley,1,2022-11-21,7
HSG-00336,Yandeyarra,Pilbara,8,1995-08-23,2
HSG-00337,Burringurrah,Gascoyne,4,2022-11-01,5
HSG-00338,Wongatha Wonganarra,Goldfields,2,2001-05-09,4
HSG-00339,Wongatha Wonganarra,Goldfields,3,2016-12-02,9
HSG-00340,Kalumburu,Kimberley,7,2020-03-12,8
HSG-00341,Mungullah,Mid West,7,2010-12-05,3
HSG-00342,Burringurrah,Gascoyne,4,2023-01-08,6
HSG-00343,Carnarvon Reserve,Gascoyne,2,2012-08-18,7
HSG-00344,Carnarvon Reserve,Gascoyne,4,2018-05-17,5
HSG-00345,Cheeditha,Pilbara,7,2016-12-09,6
HSG-00346,Coonana,Goldfields,4,2021-03-18,8
HSG-00347,Burringurrah,Gascoyne,3,2024-03-18,7
HSG-00348,Ardyaloon,Kimberley,6,2019-11-20,5
HSG-00349,Pia Wadjari,Mid West,6,2004-03-15,3
HSG-00350,Tjuntjuntjara,Goldfields,7,2015-08-15,5
HSG-00351,Carnarvon Reserve,Gascoyne,4,2025-03-11,7
HSG-00352,Yandeyarra,Pilbara,3,2012-01-14,3
HSG-00353,Yulga Jinna,Mid West,2,2012-09-26,7
HSG-00354,Burringurrah,Gascoyne,2,2013-01-13,9
HSG-00355,Yandeyarra,Pilbara,1,2014-10-24,9
HSG-00356,Bidyadanga,Kimberley,5,2010-09-06,5
HSG-00357,Coonana,Goldfields,4,2018-11-10,6
HSG-00358,Carnarvon Reserve,Gascoyne,5,2026-02-14,7
HSG-00359,Coonana,Goldfields,5,2022-01-20,6
HSG-00360,Tjuntjuntjara,Goldfields,4,2023-05-27,5
HSG-00361,Yulga Jinna,Mid West,6,2001-03-07,2
HSG-00362,Wakathuni,Pilbara,2,2018-09-17,7
HSG-00363,Burringurrah,Gascoyne,5,2023-11-08,5
HSG-00364,Warmun,Kimberley,5,2025-10-06,6
HSG-00365,Bidyadanga,Kimberley,4,1995-10-30,4
HSG-00366,Burringurrah,Gascoyne,5,2001-01-07,4
HSG-00367,Warmun,Kimberley,6,2013-12-17,2
HSG-00368,Wakathuni,Pilbara,7,2015-04-17,6
HSG-00369,Mungullah,Mid West,6,2018-10-20,7
HSG-00370,Burringurrah,Gascoyne,9,2023-11-09,7
HSG-00371,Wongatha Wonganarra,Goldfields,1,2004-02-11,3
HSG-00372,Coonana,Goldfields,4,2023-09-11,6
HSG-00373,Kalumburu,Kimberley,6,1998-02-26,4
HSG-00374,Tjuntjuntjara,Goldfields,5,2010-02-02,4
HSG-00375,Beagle Bay,Kimberley,4,2006-02-22,3
HSG-00376,Jigalong,Pilbara,3,2012-03-03,3
HSG-00377,Pia Wadjari,Mid West,3,2011-06-19,7
HSG-00378,Burringurrah,Gascoyne,3,2016-03-15,10
HSG-00379,Mungullah,Mid West,6,2010-10-19,6
HSG-00380,Tjuntjuntjara,Goldfields,3,2024-11-30,7
HSG-00381,Carnarvon Reserve,Gascoyne,4,2016-10-07,6
HSG-00382,Mungullah,Mid West,10,2024-11-22,5
HSG-00383,Coonana,Goldfields,8,2011-07-23,4
HSG-00384,Burringurrah,Gascoyne,5,2011-08-09,9
HSG-00385,Carnarvon Reserve,Gascoyne,4,2011-08-14,9
HSG-00386,Cheeditha,Pilbara,7,1998-09-22,4
HSG-00387,Yandeyarra,Pilbara,6,2012-04-10,7
HSG-00388,Wongatha Wonganarra,Goldfields,6,2011-09-17,3
HSG-00389,Yandeyarra,Pilbara,3,2018-06-03,5
HSG-00390,Pia Wadjari,Mid West,5,2020-11-25,7
HSG-00391,Tjuntjuntjara,Goldfields,5,2001-11-07,3
HSG-00392,Wongatha Wonganarra,Goldfields,6,2024-07-10,7
HSG-00393,Coonana,Goldfields,6,2016-04-13,7
HSG-00394,Burringurrah,Gascoyne,7,2017-01-22,6
HSG-00395,Carnarvon Reserve,Gascoyne,5,2004-04-23,3
HSG-00396,Carnarvon Reserve,Gascoyne,6,2014-12-25,6
HSG-00397,Mungullah,Mid West,6,2011-12-26,3
HSG-00398,Burringurrah,Gascoyne,3,2016-03-27,7
HSG-00399,Carnarvon Reserve,Gascoyne,5,2012-09-14,7
HSG-00400,Coonana,Goldfields,5,2014-12-25,6
HSG-00401,Jigalong,Pilbara,7,2015-09-26,5
HSG-00402,Jigalong,Pilbara,5,2022-03-12,5
HSG-00403,Bidyadanga,Kimberley,4,2022-09-13,5
HSG-00404,Carnarvon Reserve,Gascoyne,5,2015-07-20,5
HSG-00405,Wakathuni,Pilbara,8,2010-03-11,4
HSG-00406,Jigalong,Pilbara,5,2012-05-10,5
HSG-00407,Pia Wadjari,Mid West,8,2018-10-16,6
HSG-00408,Burringurrah,Gascoyne,7,2000-02-06,3
HSG-00409,Carnarvon Reserve,Gascoyne,6,2016-10-03,7
HSG-00410,Cheeditha,Pilbara,5,2011-10-09,7
HSG-00411,Tjuntjuntjara,Goldfields,4,2013-03-11,8
HSG-00412,Jigalong,Pilbara,10,2018-05-05,5
HSG-00413,Pia Wadjari,Mid West,4,2022-05-31,8
HSG-00414,Carnarvon Reserve,Gascoyne,8,2017-04-19,5
HSG-00415,Cheeditha,Pilbara,4,2011-09-13,5
HSG-00416,Wakathuni,Pilbara,2,2012-02-09,4
HSG-00417,Pia Wadjari,Mid West,3,2013-11-01,4
HSG-00418,Warmun,Kimberley,5,2015-02-01,6
HSG-00419,Mungullah,Mid West,8,2003-02-10,4
HSG-00420,Bidyadanga,Kimberley,7,2022-07-02,5
HSG-00421,Coonana,Goldfields,5,2022-05-11,7
HSG-00422,Tjuntjuntjara,Goldfields,3,2021-06-03,6
HSG-00423,Pia Wadjari,Mid West,5,2026-04-19,6
HSG-00424,Bidyadanga,Kimberley,6,2020-03-15,10
HSG-00425,Burringurrah,Gascoyne,4,2023-01-03,5
HSG-00426,Cheeditha,Pilbara,4,2023-05-06,5
HSG-00427,Wakathuni,Pilbara,4,2012-04-30,8
HSG-00428,Warmun,Kimberley,8,1997-05-28,4
HSG-00429,Carnarvon Reserve,Gascoyne,3,2022-01-01,6
HSG-00430,Mungullah,Mid West,4,2015-01-29,7
HSG-00431,Burringurrah,Gascoyne,5,2008-06-27,3
HSG-00432,Kalumburu,Kimberley,8,2015-04-28,9
HSG-00433,Carnarvon Reserve,Gascoyne,4,2013-10-04,5
HSG-00434,Warmun,Kimberley,6,2015-01-23,6
HSG-00435,Bidyadanga,Kimberley,6,2023-12-05,9
HSG-00436,Yandeyarra,Pilbara,5,1995-12-18,4
HSG-00437,Yandeyarra,Pilbara,2,2002-08-29,4
HSG-00438,Wongatha Wonganarra,Goldfields,5,2020-06-14,9
HSG-00439,Yulga Jinna,Mid West,4,2010-07-14,6
HSG-00440,Jigalong,Pilbara,5,2023-10-08,8
HSG-00441,Bidyadanga,Kimberley,10,2020-05-08,5
HSG-00442,Yandeyarra,Pilbara,4,2015-12-25,7
HSG-00443,Burringurrah,Gascoyne,7,2011-01-24,9
HSG-00444,Beagle Bay,Kimberley,6,2016-11-30,5
HSG-00445,Bidyadanga,Kimberley,6,2018-03-29,7
HSG-00446,Tjuntjuntjara,Goldfields,7,2013-10-19,6
HSG-00447,Pia Wadjari,Mid West,7,2020-09-18,8
HSG-00448,Pia Wadjari,Mid West,8,2018-04-19,7
HSG-00449,Mungullah,Mid West,5,2012-07-28,6
HSG-00450,Cheeditha,Pilbara,8,2004-04-12,4
HSG-00451,Bidyadanga,Kimberley,6,2016-12-26,5
HSG-00452,Yulga Jinna,Mid West,5,2013-03-08,8
HSG-00453,Pia Wadjari,Mid West,5,2012-05-11,6
HSG-00454,Wongatha Wonganarra,Goldfields,2,2013-01-12,7
HSG-00455,Ardyaloon,Kimberley,6,2013-11-27,9
HSG-00456,Carnarvon Reserve,Gascoyne,4,2026-03-17,6
HSG-00457,Burringurrah,Gascoyne,6,2025-03-26,8
HSG-00458,Beagle Bay,Kimberley,5,2014-11-28,6
HSG-00459,Yulga Jinna,Mid West,6,2024-07-24,6
HSG-00460,Wakathuni,Pilbara,4,2014-11-23,6
HSG-00461,Mungullah,Mid West,7,1996-03-27,4
HSG-00462,Burringurrah,Gascoyne,5,2001-12-26,4
HSG-00463,Coonana,Goldfields,8,2011-05-20,3
HSG-00464,Wakathuni,Pilbara,4,2013-08-18,6
HSG-00465,Bidyadanga,Kimberley,8,2017-06-05,5
HSG-00466,Mungullah,Mid West,4,2016-06-10,9
HSG-00467,Mungullah,Mid West,2,2011-03-25,2
HSG-00468,Warmun,Kimberley,6,2020-10-15,5
HSG-00469,Bidyadanga,Kimberley,3,2014-06-03,7
HSG-00470,Kalumburu,Kimberley,6,1997-01-08,4
HSG-00471,Coonana,Goldfields,2,2020-11-26,7
HSG-00472,Carnarvon Reserve,Gascoyne,6,2023-02-17,5
HSG-00473,Jigalong,Pilbara,9,1999-05-23,4
HSG-00474,Wongatha Wonganarra,Goldfields,2,1995-11-30,4
HSG-00475,Yulga Jinna,Mid West,5,2021-07-21,6
HSG-00476,Ardyaloon,Kimberley,4,2016-11-09,6
HSG-00477,Yulga Jinna,Mid West,2,2012-11-04,8
HSG-00478,Carnarvon Reserve,Gascoyne,5,2021-12-19,8
HSG-00479,Warmun,Kimberley,6,2011-06-19,6
HSG-00480,Burringurrah,Gascoyne,6,2021-08-21,6
HSG-00481,Carnarvon Reserve,Gascoyne,6,2021-10-21,8
HSG-00482,Carnarvon Reserve,Gascoyne,5,2022-09-07,7
HSG-00483,Cheeditha,Pilbara,5,2021-03-09,8
HSG-00484,Wongatha Wonganarra,Goldfields,4,2018-12-05,9
HSG-00485,Burringurrah,Gascoyne,5,2012-01-25,3
HSG-00486,Cheeditha,Pilbara,5,2009-07-17,4
HSG-00487,Wongatha Wonganarra,Goldfields,7,1997-04-19,4
HSG-00488,Carnarvon Reserve,Gascoyne,4,1995-08-13,2
HSG-00489,Jigalong,Pilbara,4,2003-08-20,1
HSG-00490,Ardyaloon,Kimberley,2,2024-05-06,7
HSG-00491,Burringurrah,Gascoyne,7,2019-08-12,6
HSG-00492,Yulga Jinna,Mid West,3,2025-09-17,5
HSG-00493,Burringurrah,Gascoyne,5,2004-09-29,3
HSG-00494,Wakathuni,Pilbara,8,2016-10-11,7
HSG-00495,Ardyaloon,Kimberley,5,2020-10-17,6
HSG-00496,Pia Wadjari,Mid West,5,2000-02-21,2
HSG-00497,Wongatha Wonganarra,Goldfields,4,2009-12-24,4
HSG-00498,Wongatha Wonganarra,Goldfields,3,2014-11-09,5
HSG-00499,Cheeditha,Pilbara,9,2022-12-18,7
HSG-00500,Wakathuni,Pilbara,4,2023-01-14,7
HSG-00501,Mungullah,Mid West,8,2022-04-11,7
HSG-00502,Bidyadanga,Kimberley,5,2001-07-24,4
HSG-00503,Mungullah,Mid West,7,2020-12-14,6
HSG-00504,Burringurrah,Gascoyne,7,2020-03-10,7
HSG-00505,Yulga Jinna,Mid West,7,2011-09-20,5
HSG-00506,Tjuntjuntjara,Goldfields,8,2026-04-13,6
HSG-00507,Yulga Jinna,Mid West,10,2000-02-02,4
HSG-00508,Cheeditha,Pilbara,9,2025-05-04,6
HSG-00509,Tjuntjuntjara,Goldfields,4,2011-01-07,5
HSG-00510,Carnarvon Reserve,Gascoyne,4,2022-10-22,6
HSG-00511,Cheeditha,Pilbara,6,2002-11-10,4
HSG-00512,Coonana,Goldfields,5,2014-05-06,9
HSG-00513,Carnarvon Reserve,Gascoyne,9,2014-08-22,6
HSG-00514,Coonana,Goldfields,5,2013-09-16,6
HSG-00515,Yulga Jinna,Mid West,6,2005-07-19,4
HSG-00516,Carnarvon Reserve,Gascoyne,4,2010-04-14,2
HSG-00517,Pia Wadjari,Mid West,6,2015-08-20,7
HSG-00518,Coonana,Goldfields,4,2019-07-27,8
HSG-00519,Burringurrah,Gascoyne,2,1998-05-16,3
HSG-00520,Ardyaloon,Kimberley,5,2021-12-11,7
HSG-00521,Yulga Jinna,Mid West,9,2012-03-17,5
HSG-00522,Carnarvon Reserve,Gascoyne,7,2015-07-23,5
HSG-00523,Coonana,Goldfields,5,2013-07-21,7
HSG-00524,Wongatha Wonganarra,Goldfields,6,2003-09-18,3
HSG-00525,Burringurrah,Gascoyne,8,2016-09-30,8
HSG-00526,Bidyadanga,Kimberley,4,2015-06-22,6
HSG-00527,Warmun,Kimberley,6,2016-06-13,6
HSG-00528,Kalumburu,Kimberley,4,1999-01-21,4
HSG-00529,Carnarvon Reserve,Gascoyne,5,2024-08-04,8
HSG-00530,Mungullah,Mid West,6,2014-03-18,5
HSG-00531,Yandeyarra,Pilbara,7,1995-06-13,1
HSG-00532,Beagle Bay,Kimberley,8,2013-10-19,2
HSG-00533,Tjuntjuntjara,Goldfields,4,2009-11-03,3
HSG-00534,Wakathuni,Pilbara,2,2011-05-02,8
HSG-00535,Jigalong,Pilbara,4,2015-06-27,6
HSG-00536,Yulga Jinna,Mid West,5,2013-12-23,6
HSG-00537,Wakathuni,Pilbara,5,1996-12-12,3
HSG-00538,Burringurrah,Gascoyne,7,2017-07-23,5
HSG-00539,Mungullah,Mid West,2,2019-01-09,5
HSG-00540,Burringurrah,Gascoyne,8,2018-12-30,7
HSG-00541,Wongatha Wonganarra,Goldfields,4,2019-06-12,5
HSG-00542,Pia Wadjari,Mid West,4,2010-12-06,9
HSG-00543,Burringurrah,Gascoyne,6,2017-03-30,6
HSG-00544,Burringurrah,Gascoyne,7,2013-12-07,6
HSG-00545,Cheeditha,Pilbara,4,2025-01-02,5
HSG-00546,Bidyadanga,Kimberley,5,2011-07-02,5
HSG-00547,Wongatha Wonganarra,Goldfields,7,2011-02-13,6
HSG-00548,Cheeditha,Pilbara,7,2018-03-22,5
HSG-00549,Kalumburu,Kimberley,5,1996-02-04,2
HSG-00550,Yandeyarra,Pilbara,7,2018-07-09,6
HSG-00551,Yandeyarra,Pilbara,7,2010-11-03,1
HSG-00552,Wongatha Wonganarra,Goldfields,10,2011-04-12,5
HSG-00553,Yandeyarra,Pilbara,7,1997-03-17,4
HSG-00554,Yulga Jinna,Mid West,6,1998-10-04,4
HSG-00555,Cheeditha,Pilbara,4,2016-01-06,9
HSG-00556,Ardyaloon,Kimberley,5,2018-08-31,6
HSG-00557,Beagle Bay,Kimberley,7,2013-03-03,6
HSG-00558,Warmun,Kimberley,5,2011-02-27,6
HSG-00559,Coonana,Goldfields,10,2025-12-28,5
HSG-00560,Carnarvon Reserve,Gascoyne,5,2016-01-07,7
HSG-00561,Yulga Jinna,Mid West,7,2011-03-26,8
HSG-00562,Burringurrah,Gascoyne,6,2006-02-25,3
HSG-00563,Bidyadanga,Kimberley,9,2008-10-11,3
HSG-00564,Wongatha Wonganarra,Goldfields,6,2009-05-26,4
HSG-00565,Tjuntjuntjara,Goldfields,5,2020-03-02,6
HSG-00566,Burringurrah,Gascoyne,6,2012-09-11,6
HSG-00567,Coonana,Goldfields,9,2013-06-24,6
HSG-00568,Beagle Bay,Kimberley,4,2021-09-28,7
HSG-00569,Coonana,Goldfields,8,2014-01-19,3
HSG-00570,Mungullah,Mid West,6,2012-01-17,7
HSG-00571,Tjuntjuntjara,Goldfields,4,2026-01-16,8
HSG-00572,Wongatha Wonganarra,Goldfields,5,2019-04-30,6
HSG-00573,Warmun,Kimberley,5,2017-03-11,6
HSG-00574,Yulga Jinna,Mid West,3,1997-06-10,3
HSG-00575,Wongatha Wonganarra,Goldfields,9,2010-07-10,4
HSG-00576,Tjuntjuntjara,Goldfields,3,2007-02-11,2
HSG-00577,Wakathuni,Pilbara,4,2009-10-13,3
HSG-00578,Burringurrah,Gascoyne,9,2012-06-07,7
HSG-00579,Burringurrah,Gascoyne,3,2020-01-25,10
HSG-00580,Carnarvon Reserve,Gascoyne,7,2011-09-05,5
HSG-00581,Coonana,Goldfields,1,2023-04-29,10
HSG-00582,Carnarvon Reserve,Gascoyne,2,1995-09-05,3
HSG-00583,Jigalong,Pilbara,7,2015-09-08,10
HSG-00584,Mungullah,Mid West,8,2019-08-06,7
HSG-00585,Mungullah,Mid West,6,2012-05-04,7
HSG-00586,Mungullah,Mid West,7,2012-10-11,6
HSG-00587,Carnarvon Reserve,Gascoyne,5,2011-06-23,5
HSG-00588,Wongatha Wonganarra,Goldfields,3,2025-11-08,5
HSG-00589,Coonana,Goldfields,1,2019-08-08,5
HSG-00590,Ardyaloon,Kimberley,3,2000-12-10,4
HSG-00591,Kalumburu,Kimberley,5,2025-04-24,8
HSG-00592,Mungullah,Mid West,7,2004-11-06,3
HSG-00593,Jigalong,Pilbara,3,2012-11-22,7
HSG-00594,Pia Wadjari,Mid West,3,2013-11-21,5
HSG-00595,Kalumburu,Kimberley,6,2009-07-03,4
HSG-00596,Coonana,Goldfields,5,2008-08-31,3
HSG-00597,Yulga Jinna,Mid West,4,2022-02-05,6
HSG-00598,Ardyaloon,Kimberley,1,2016-10-06,6
HSG-00599,Burringurrah,Gascoyne,5,2014-02-04,6
HSG-00600,Wakathuni,Pilbara,5,2015-03-14,8
HSG-00601,Coonana,Goldfields,5,2023-05-14,5
HSG-00602,Yulga Jinna,Mid West,5,2026-01-26,6
HSG-00603,Yandeyarra,Pilbara,5,2022-07-30,6
HSG-00604,Warmun,Kimberley,3,2013-01-27,4
HSG-00605,Warmun,Kimberley,2,2012-02-03,9
HSG-00606,Carnarvon Reserve,Gascoyne,2,2013-03-22,4
HSG-00607,Burringurrah,Gascoyne,3,2018-08-10,7
HSG-00608,Wongatha Wonganarra,Goldfields,4,2016-01-31,8
HSG-00609,Coonana,Goldfields,4,2018-11-01,6
HSG-00610,Tjuntjuntjara,Goldfields,3,2024-08-17,9
HSG-00611,Carnarvon Reserve,Gascoyne,2,2012-08-21,6
HSG-00612,Mungullah,Mid West,6,2014-07-07,6
HSG-00613,Yulga Jinna,Mid West,5,2015-06-10,5
HSG-00614,Pia Wadjari,Mid West,5,2021-12-28,5
HSG-00615,Mungullah,Mid West,7,2011-01-30,9
HSG-00616,Cheeditha,Pilbara,4,2009-10-08,3
HSG-00617,Kalumburu,Kimberley,5,2012-10-31,10
HSG-00618,Carnarvon Reserve,Gascoyne,3,2014-01-28,8
HSG-00619,Coonana,Goldfields,9,2015-07-05,5
HSG-00620,Warmun,Kimberley,6,2015-04-15,8
HSG-00621,Carnarvon Reserve,Gascoyne,4,2025-01-12,5
HSG-00622,Yulga Jinna,Mid West,4,2013-04-25,4
HSG-00623,Jigalong,Pilbara,4,1999-02-19,3
HSG-00624,Tjuntjuntjara,Goldfields,5,2014-02-13,4
HSG-00625,Yandeyarra,Pilbara,6,1999-02-01,3
HSG-00626,Carnarvon Reserve,Gascoyne,6,2014-01-30,7
HSG-00627,Burringurrah,Gascoyne,1,2016-11-18,6
HSG-00628,Yulga Jinna,Mid West,8,2002-12-29,3
HSG-00629,Tjuntjuntjara,Goldfields,9,2010-10-07,6
HSG-00630,Warmun,Kimberley,3,2016-02-17,5
HSG-00631,Tjuntjuntjara,Goldfields,6,2013-05-09,6
HSG-00632,Carnarvon Reserve,Gascoyne,6,2010-05-25,4
HSG-00633,Wongatha Wonganarra,Goldfields,5,1995-08-14,3
HSG-00634,Pia Wadjari,Mid West,5,2010-02-22,4
HSG-00635,Coonana,Goldfields,3,2013-08-14,8
HSG-00636,Wakathuni,Pilbara,7,2016-01-21,7
HSG-00637,Yulga Jinna,Mid West,3,2010-10-10,5
HSG-00638,Cheeditha,Pilbara,8,2021-03-20,6
HSG-00639,Burringurrah,Gascoyne,10,2020-08-26,6
HSG-00640,Kalumburu,Kimberley,5,2025-04-21,5
HSG-00641,Ardyaloon,Kimberley,5,2013-03-23,5
HSG-00642,Yandeyarra,Pilbara,7,2022-05-26,7
HSG-00643,Wakathuni,Pilbara,3,2003-05-05,3
HSG-00644,Burringurrah,Gascoyne,1,2011-05-25,6
HSG-00645,Kalumburu,Kimberley,3,1996-11-07,2
HSG-00646,Ardyaloon,Kimberley,6,2017-08-30,10
HSG-00647,Coonana,Goldfields,5,2013-03-02,7
HSG-00648,Ardyaloon,Kimberley,5,2022-01-27,5
HSG-00649,Cheeditha,Pilbara,7,2015-01-16,5
HSG-00650,Mungullah,Mid West,6,2014-11-06,6
HSG-00651,Yulga Jinna,Mid West,4,2018-06-09,7
HSG-00652,Cheeditha,Pilbara,5,2011-07-03,4
HSG-00653,Ardyaloon,Kimberley,6,2001-11-22,4
HSG-00654,Yulga Jinna,Mid West,5,2011-05-05,5
HSG-00655,Beagle Bay,Kimberley,7,2023-09-17,6
HSG-00656,Yulga Jinna,Mid West,5,2015-08-16,7
HSG-00657,Kalumburu,Kimberley,8,2025-02-01,7
HSG-00658,Wakathuni,Pilbara,5,2006-05-11,3
HSG-00659,Bidyadanga,Kimberley,3,2025-02-27,5
HSG-00660,Coonana,Goldfields,4,2019-08-04,5
HSG-00661,Wakathuni,Pilbara,5,2023-12-28,6
HSG-00662,Jigalong,Pilbara,5,2013-06-20,6
HSG-00663,Burringurrah,Gascoyne,5,2002-03-25,2
HSG-00664,Kalumburu,Kimberley,3,2015-05-05,5
HSG-00665,Warmun,Kimberley,2,2019-04-23,7
HSG-00666,Wongatha Wonganarra,Goldfields,8,2013-12-16,8
HSG-00667,Bidyadanga,Kimberley,5,2011-09-24,8
HSG-00668,Cheeditha,Pilbara,5,2013-10-23,5
HSG-00669,Wakathuni,Pilbara,4,2023-07-18,5
HSG-00670,Coonana,Goldfields,4,2024-04-17,6
HSG-00671,Coonana,Goldfields,5,2013-06-02,6
HSG-00672,Wakathuni,Pilbara,6,2015-11-29,8
HSG-00673,Ardyaloon,Kimberley,7,2013-12-26,3
HSG-00674,Pia Wadjari,Mid West,1,2018-04-09,7
HSG-00675,Yandeyarra,Pilbara,2,2020-10-22,5
HSG-00676,Yulga Jinna,Mid West,2,1996-09-16,2
HSG-00677,Mungullah,Mid West,6,2026-04-14,7
HSG-00678,Wongatha Wonganarra,Goldfields,4,2011-08-01,1
HSG-00679,Burringurrah,Gascoyne,4,2014-05-26,6
HSG-00680,Tjuntjuntjara,Goldfields,2,2014-04-19,6
HSG-00681,Carnarvon Reserve,Gascoyne,5,2020-06-14,7
HSG-00682,Mungullah,Mid West,5,2010-01-16,4
HSG-00683,Tjuntjuntjara,Goldfields,8,2011-03-20,5
HSG-00684,Beagle Bay,Kimberley,5,2001-01-14,4
HSG-00685,Pia Wadjari,Mid West,4,1999-04-27,4
HSG-00686,Tjuntjuntjara,Goldfields,5,2018-07-15,9
HSG-00687,Yulga Jinna,Mid West,2,2007-10-12,3
HSG-00688,Beagle Bay,Kimberley,8,2017-05-28,5
HSG-00689,Pia Wadjari,Mid West,4,2013-12-15,7
HSG-00690,Pia Wadjari,Mid West,4,2012-07-03,9
HSG-00691,Carnarvon Reserve,Gascoyne,6,2016-12-18,5
HSG-00692,Carnarvon Reserve,Gascoyne,10,1998-12-27,4
HSG-00693,Wakathuni,Pilbara,7,2016-01-03,6
HSG-00694,Yulga Jinna,Mid West,8,2018-12-16,8
HSG-00695,Pia Wadjari,Mid West,5,2001-11-30,4
HSG-00696,Kalumburu,Kimberley,6,2007-08-04,4
HSG-00697,Carnarvon Reserve,Gascoyne,9,2025-10-05,6
HSG-00698,Wakathuni,Pilbara,4,2016-06-11,6
HSG-00699,Warmun,Kimberley,2,1999-03-26,4
HSG-00700,Coonana,Goldfields,8,2005-07-01,4
HSG-00701,Wakathuni,Pilbara,3,2014-04-25,6
HSG-00702,Yulga Jinna,Mid West,8,2010-08-08,7
HSG-00703,Yulga Jinna,Mid West,7,1997-06-16,4
HSG-00704,Yulga Jinna,Mid West,2,2024-11-26,8
HSG-00705,Carnarvon Reserve,Gascoyne,4,2023-01-23,5
HSG-00706,Coonana,Goldfields,8,2024-08-14,7
HSG-00707,Pia Wadjari,Mid West,6,2013-04-08,9
HSG-00708,Ardyaloon,Kimberley,4,2018-02-07,7
HSG-00709,Carnarvon Reserve,Gascoyne,5,2011-11-23,6
HSG-00710,Pia Wadjari,Mid West,8,2021-12-05,6
HSG-00711,Warmun,Kimberley,6,2022-12-30,7
HSG-00712,Mungullah,Mid West,4,2011-03-22,4
HSG-00713,Tjuntjuntjara,Goldfields,3,2003-10-14,2
HSG-00714,Wakathuni,Pilbara,10,2002-10-04,4
HSG-00715,Warmun,Kimberley,5,2011-12-21,5
HSG-00716,Bidyadanga,Kimberley,6,2024-05-31,7
HSG-00717,Ardyaloon,Kimberley,7,2003-07-08,4
HSG-00718,Beagle Bay,Kimberley,5,2018-09-09,6
HSG-00719,Jigalong,Pilbara,4,2015-08-19,8
HSG-00720,Pia Wadjari,Mid West,6,2018-11-05,7
HSG-00721,Jigalong,Pilbara,6,2012-11-11,8
HSG-00722,Kalumburu,Kimberley,5,2007-10-16,3
HSG-00723,Burringurrah,Gascoyne,6,2002-06-02,4
HSG-00724,Jigalong,Pilbara,4,2017-06-05,7
HSG-00725,Kalumburu,Kimberley,8,2022-08-29,6
HSG-00726,Cheeditha,Pilbara,6,2016-02-21,9
HSG-00727,Mungullah,Mid West,6,2017-06-22,10
HSG-00728,Yulga Jinna,Mid West,6,2003-08-03,2
HSG-00729,Yulga Jinna,Mid West,7,2013-08-05,6
HSG-00730,Bidyadanga,Kimberley,8,2014-10-10,7
HSG-00731,Carnarvon Reserve,Gascoyne,5,2004-07-24,3
HSG-00732,Carnarvon Reserve,Gascoyne,5,2009-12-24,4
HSG-00733,Beagle Bay,Kimberley,4,2017-04-02,7
HSG-00734,Cheeditha,Pilbara,9,2021-09-11,6
HSG-00735,Pia Wadjari,Mid West,2,2021-08-09,6
HSG-00736,Pia Wadjari,Mid West,8,2008-09-26,4
HSG-00737,Carnarvon Reserve,Gascoyne,5,2020-09-22,6
HSG-00738,Coonana,Goldfields,3,2020-12-20,7
HSG-00739,Yulga Jinna,Mid West,5,2024-11-27,6
HSG-00740,Warmun,Kimberley,3,2022-02-20,5
HSG-00741,Yulga Jinna,Mid West,7,2010-11-05,5
HSG-00742,Pia Wadjari,Mid West,9,2011-09-25,5
HSG-00743,Yandeyarra,Pilbara,5,2026-02-06,7
HSG-00744,Coonana,Goldfields,2,2006-02-08,2
HSG-00745,Burringurrah,Gascoyne,2,2020-10-08,8
HSG-00746,Burringurrah,Gascoyne,4,2022-08-10,10
HSG-00747,Bidyadanga,Kimberley,4,2014-08-28,6
HSG-00748,Warmun,Kimberley,8,2019-10-26,9
HSG-00749,Beagle Bay,Kimberley,10,2017-05-15,8
HSG-00750,Pia Wadjari,Mid West,7,2015-04-18,7
HSG-00751,Mungullah,Mid West,7,2019-02-13,5
HSG-00752,Burringurrah,Gascoyne,3,2013-03-09,5
HSG-00753,Carnarvon Reserve,Gascoyne,5,2020-02-15,5
HSG-00754,Kalumburu,Kimberley,7,2014-09-02,7
HSG-00755,Wongatha Wonganarra,Goldfields,5,2020-12-16,8
HSG-00756,Tjuntjuntjara,Goldfields,2,2017-09-10,5
HSG-00757,Beagle Bay,Kimberley,3,2001-05-05,2
HSG-00758,Wongatha Wonganarra,Goldfields,5,2021-06-05,5
HSG-00759,Jigalong,Pilbara,8,2021-05-31,7
HSG-00760,Coonana,Goldfields,3,2013-09-24,9
HSG-00761,Cheeditha,Pilbara,8,2012-11-21,7
HSG-00762,Mungullah,Mid West,5,2011-11-08,4
HSG-00763,Burringurrah,Gascoyne,4,2014-10-12,7
HSG-00764,Pia Wadjari,Mid West,9,2026-04-12,8
HSG-00765,Yulga Jinna,Mid West,4,2003-05-03,3
HSG-00766,Burringurrah,Gascoyne,5,2007-10-27,2
HSG-00767,Wakathuni,Pilbara,6,2017-12-17,5
HSG-00768,Tjuntjuntjara,Goldfields,4,1996-08-14,3
HSG-00769,Wakathuni,Pilbara,6,2015-06-17,5
HSG-00770,Ardyaloon,Kimberley,2,2010-07-17,1
HSG-00771,Mungullah,Mid West,5,2023-03-11,9
HSG-00772,Pia Wadjari,Mid West,9,2025-10-22,5
HSG-00773,Jigalong,Pilbara,4,2017-03-11,6
HSG-00774,Coonana,Goldfields,3,2015-01-24,6
HSG-00775,Bidyadanga,Kimberley,7,2021-05-04,8
HSG-00776,Yulga Jinna,Mid West,5,2016-06-07,5
HSG-00777,Wakathuni,Pilbara,3,2011-06-07,4
HSG-00778,Ardyaloon,Kimberley,5,2019-09-29,6
HSG-00779,Beagle Bay,Kimberley,7,1996-02-11,4
HSG-00780,Burringurrah,Gascoyne,8,2026-05-25,5
HSG-00781,Coonana,Goldfields,5,2000-06-14,4
HSG-00782,Wakathuni,Pilbara,1,2024-02-02,7
HSG-00783,Mungullah,Mid West,7,2023-04-08,5
HSG-00784,Tjuntjuntjara,Goldfields,5,2017-03-22,6
HSG-00785,Mungullah,Mid West,2,2022-04-25,5
HSG-00786,Carnarvon Reserve,Gascoyne,7,2008-10-20,3
HSG-00787,Wongatha Wonganarra,Goldfields,6,2007-07-17,3
HSG-00788,Wakathuni,Pilbara,6,2012-02-11,5
HSG-00789,Ardyaloon,Kimberley,1,2022-03-28,8
HSG-00790,Burringurrah,Gascoyne,3,2002-10-28,4
HSG-00791,Coonana,Goldfields,5,2019-01-10,8
HSG-00792,Beagle Bay,Kimberley,3,2016-06-12,6
HSG-00793,Bidyadanga,Kimberley,6,2019-09-08,7
HSG-00794,Carnarvon Reserve,Gascoyne,5,2014-01-01,5
HSG-00795,Beagle Bay,Kimberley,3,2010-11-17,6
HSG-00796,Beagle Bay,Kimberley,3,1998-07-14,1
HSG-00797,Carnarvon Reserve,Gascoyne,6,2025-11-26,7
HSG-00798,Coonana,Goldfields,1,2001-08-17,4
HSG-00799,Pia Wadjari,Mid West,6,2020-10-01,9
HSG-00800,Ardyaloon,Kimberley,5,1996-05-02,4
HSG-00801,Bidyadanga,Kimberley,5,2020-05-10,8
HSG-00802,Warmun,Kimberley,4,1998-01-10,4
HSG-00803,Burringurrah,Gascoyne,4,2000-06-10,4
HSG-00804,Mungullah,Mid West,5,2022-01-08,8
HSG-00805,Bidyadanga,Kimberley,6,2023-09-11,5
HSG-00806,Jigalong,Pilbara,4,1996-12-20,3
HSG-00807,Yulga Jinna,Mid West,7,2023-12-23,5
HSG-00808,Yulga Jinna,Mid West,5,2019-05-02,10
HSG-00809,Yandeyarra,Pilbara,6,2001-04-06,4
HSG-00810,Yulga Jinna,Mid West,4,2024-12-22,8
HSG-00811,Yandeyarra,Pilbara,5,2013-06-04,3
HSG-00812,Yandeyarra,Pilbara,7,2008-09-21,4
HSG-00813,Wongatha Wonganarra,Goldfields,9,2018-03-07,7
HSG-00814,Coonana,Goldfields,4,2018-04-01,8
HSG-00815,Bidyadanga,Kimberley,5,2013-01-13,7
HSG-00816,Carnarvon Reserve,Gascoyne,6,2005-06-04,4
HSG-00817,Carnarvon Reserve,Gascoyne,4,2010-10-12,7
HSG-00818,Burringurrah,Gascoyne,4,2024-09-16,5
HSG-00819,Carnarvon Reserve,Gascoyne,3,2015-03-13,6
HSG-00820,Coonana,Goldfields,10,1995-06-26,4
HSG-00821,Beagle Bay,Kimberley,5,2026-05-07,8
HSG-00822,Beagle Bay,Kimberley,5,2024-09-30,6
HSG-00823,Tjuntjuntjara,Goldfields,3,2022-02-28,6
HSG-00824,Kalumburu,Kimberley,5,2013-02-07,7
HSG-00825,Coonana,Goldfields,8,2012-12-20,10
HSG-00826,Coonana,Goldfields,6,2015-04-01,6
HSG-00827,Carnarvon Reserve,Gascoyne,5,2021-02-05,5
HSG-00828,Carnarvon Reserve,Gascoyne,6,2014-04-27,5
HSG-00829,Pia Wadjari,Mid West,5,2016-12-15,8
HSG-00830,Kalumburu,Kimberley,3,2012-05-28,8
HSG-00831,Coonana,Goldfields,8,2016-08-16,5
HSG-00832,Wongatha Wonganarra,Goldfields,1,2006-10-09,4
HSG-00833,Wongatha Wonganarra,Goldfields,8,2011-02-22,5
HSG-00834,Carnarvon Reserve,Gascoyne,3,2022-05-27,5
HSG-00835,Mungullah,Mid West,7,2018-08-27,6
HSG-00836,Wongatha Wonganarra,Goldfields,4,2025-12-09,5
HSG-00837,Warmun,Kimberley,4,2005-04-11,4
HSG-00838,Jigalong,Pilbara,9,2012-09-23,5
HSG-00839,Beagle Bay,Kimberley,8,2018-04-14,8
HSG-00840,Beagle Bay,Kimberley,7,2012-06-08,5
HSG-00841,Tjuntjuntjara,Goldfields,6,2023-08-06,5
HSG-00842,Kalumburu,Kimberley,3,2021-07-08,6
HSG-00843,Mungullah,Mid West,2,2024-10-19,8
HSG-00844,Jigalong,Pilbara,4,2017-01-18,6
HSG-00845,Tjuntjuntjara,Goldfields,6,2015-12-21,5
HSG-00846,Pia Wadjari,Mid West,6,2019-04-23,5
HSG-00847,Jigalong,Pilbara,7,1996-04-11,3
HSG-00848,Yandeyarra,Pilbara,5,2020-10-12,9
HSG-00849,Pia Wadjari,Mid West,3,2001-04-04,4
HSG-00850,Burringurrah,Gascoyne,6,2019-10-12,6
HSG-00851,Tjuntjuntjara,Goldfields,6,2018-03-31,6
HSG-00852,Beagle Bay,Kimberley,6,2016-06-05,7
HSG-00853,Carnarvon Reserve,Gascoyne,6,2019-12-15,5
HSG-00854,Yandeyarra,Pilbara,6,2018-11-30,9
HSG-00855,Yulga Jinna,Mid West,5,2012-06-20,4
HSG-00856,Tjuntjuntjara,Goldfields,7,2021-05-15,5
HSG-00857,Pia Wadjari,Mid West,1,2019-04-13,7
HSG-00858,Mungullah,Mid West,4,2022-03-29,5
HSG-00859,Ardyaloon,Kimberley,6,2019-03-26,6
HSG-00860,Wakathuni,Pilbara,7,2014-06-15,5
HSG-00861,Kalumburu,Kimberley,6,2018-04-23,5
HSG-00862,Ardyaloon,Kimberley,7,2019-07-05,7
HSG-00863,Mungullah,Mid West,3,2023-12-12,7
HSG-00864,Ardyaloon,Kimberley,4,2012-05-07,7
HSG-00865,Wakathuni,Pilbara,6,2013-09-20,9
HSG-00866,Warmun,Kimberley,5,2013-03-05,5
HSG-00867,Coonana,Goldfields,5,2021-01-10,5
HSG-00868,Tjuntjuntjara,Goldfields,7,2010-05-16,3
HSG-00869,Carnarvon Reserve,Gascoyne,3,2004-09-21,4
HSG-00870,Yulga Jinna,Mid West,7,2011-05-02,9
HSG-00871,Bidyadanga,Kimberley,5,2014-03-23,5
HSG-00872,Mungullah,Mid West,5,2018-07-13,8
HSG-00873,Carnarvon Reserve,Gascoyne,3,2013-11-30,6
HSG-00874,Yulga Jinna,Mid West,7,2010-12-08,6
HSG-00875,Burringurrah,Gascoyne,5,2014-01-14,7
HSG-00876,Yandeyarra,Pilbara,1,2015-07-31,7
HSG-00877,Yandeyarra,Pilbara,4,2006-05-05,2
HSG-00878,Yulga Jinna,Mid West,6,2014-08-06,8
HSG-00879,Jigalong,Pilbara,5,2023-01-24,7
HSG-00880,Cheeditha,Pilbara,9,2025-02-06,8
HSG-00881,Burringurrah,Gascoyne,9,2015-03-05,7
HSG-00882,Jigalong,Pilbara,5,1995-12-26,3
HSG-00883,Wongatha Wonganarra,Goldfields,4,2013-06-06,4
HSG-00884,Wongatha Wonganarra,Goldfields,10,2021-08-15,5
HSG-00885,Wakathuni,Pilbara,5,2017-03-03,6
HSG-00886,Mungullah,Mid West,5,2024-05-01,9
HSG-00887,Jigalong,Pilbara,4,2025-09-02,6
HSG-00888,Mungullah,Mid West,3,2003-07-25,3
HSG-00889,Jigalong,Pilbara,4,2016-03-02,5
HSG-00890,Coonana,Goldfields,4,2014-03-18,4
HSG-00891,Carnarvon Reserve,Gascoyne,2,2022-09-03,5
HSG-00892,Coonana,Goldfields,2,2014-06-06,7
HSG-00893,Yulga Jinna,Mid West,5,2010-12-12,3
HSG-00894,Tjuntjuntjara,Goldfields,4,2010-03-14,4
HSG-00895,Yulga Jinna,Mid West,6,2010-07-05,8
HSG-00896,Coonana,Goldfields,1,2015-02-07,6
HSG-00897,Carnarvon Reserve,Gascoyne,5,2013-12-26,7
HSG-00898,Coonana,Goldfields,5,2009-06-02,4
HSG-00899,Burringurrah,Gascoyne,4,1996-05-20,4
HSG-00900,Cheeditha,Pilbara,7,2018-07-08,6
HSG-00901,Carnarvon Reserve,Gascoyne,9,2011-03-22,5
HSG-00902,Wongatha Wonganarra,Goldfields,3,2012-02-01,3
HSG-00903,Tjuntjuntjara,Goldfields,1,2008-07-12,3
HSG-00904,Bidyadanga,Kimberley,6,2012-05-27,6
HSG-00905,Coonana,Goldfields,2,2018-06-11,7
HSG-00906,Bidyadanga,Kimberley,4,2018-04-06,6
HSG-00907,Ardyaloon,Kimberley,9,2013-10-20,7
HSG-00908,Mungullah,Mid West,4,2000-09-25,4
HSG-00909,Pia Wadjari,Mid West,1,1996-11-25,4
HSG-00910,Warmun,Kimberley,5,1995-07-08,4
HSG-00911,Jigalong,Pilbara,5,2012-04-25,6
HSG-00912,Bidyadanga,Kimberley,5,2013-12-20,4
HSG-00913,Coonana,Goldfields,5,2023-12-06,6
HSG-00914,Wakathuni,Pilbara,3,2021-04-22,8
HSG-00915,Carnarvon Reserve,Gascoyne,5,2015-08-01,6
HSG-00916,Burringurrah,Gascoyne,7,2025-10-21,6
HSG-00917,Wakathuni,Pilbara,7,2021-05-03,6
HSG-00918,Bidyadanga,Kimberley,4,2020-02-23,6
HSG-00919,Yulga Jinna,Mid West,2,2017-06-27,6
HSG-00920,Tjuntjuntjara,Goldfields,5,2019-04-12,5
HSG-00921,Warmun,Kimberley,5,1995-08-29,2
HSG-00922,Mungullah,Mid West,4,2024-11-26,6
HSG-00923,Warmun,Kimberley,5,2012-01-03,4
HSG-00924,Burringurrah,Gascoyne,8,2008-04-14,4
HSG-00925,Beagle Bay,Kimberley,7,2020-07-08,6
HSG-00926,Coonana,Goldfields,4,2011-04-04,9
HSG-00927,Tjuntjuntjara,Goldfields,2,2010-09-25,7
HSG-00928,Coonana,Goldfields,7,1996-11-19,4
HSG-00929,Cheeditha,Pilbara,8,2013-11-24,5
HSG-00930,Wakathuni,Pilbara,6,2025-01-15,6
HSG-00931,Pia Wadjari,Mid West,5,2018-02-05,7
HSG-00932,Wongatha Wonganarra,Goldfields,7,2013-03-16,2
HSG-00933,Ardyaloon,Kimberley,8,2002-08-31,3
HSG-00934,Yulga Jinna,Mid West,7,2018-08-21,8
HSG-00935,Warmun,Kimberley,3,2012-08-31,5
HSG-00936,Yulga Jinna,Mid West,3,2018-09-30,5
HSG-00937,Coonana,Goldfields,4,2014-05-15,7
HSG-00938,Carnarvon Reserve,Gascoyne,8,2022-10-13,8
HSG-00939,Jigalong,Pilbara,4,2020-02-22,5
HSG-00940,Yandeyarra,Pilbara,1,2001-04-25,4
HSG-00941,Mungullah,Mid West,7,2021-07-30,8
HSG-00942,Tjuntjuntjara,Goldfields,2,2012-04-18,4
HSG-00943,Yulga Jinna,Mid West,5,2013-08-23,6
HSG-00944,Tjuntjuntjara,Goldfields,3,2012-05-26,6
HSG-00945,Burringurrah,Gascoyne,4,2022-10-30,5
HSG-00946,Jigalong,Pilbara,6,2023-04-06,6
HSG-00947,Carnarvon Reserve,Gascoyne,4,2016-08-30,5
HSG-00948,Tjuntjuntjara,Goldfields,5,2017-11-16,5
HSG-00949,Yulga Jinna,Mid West,4,2011-05-14,8
HSG-00950,Cheeditha,Pilbara,6,2014-03-20,5
HSG-00951,Burringurrah,Gascoyne,7,2024-11-08,5
HSG-00952,Wongatha Wonganarra,Goldfields,8,2019-05-06,6
HSG-00953,Pia Wadjari,Mid West,5,2015-05-22,6
HSG-00954,Tjuntjuntjara,Goldfields,2,2005-01-11,3
HSG-00955,Yulga Jinna,Mid West,2,2023-02-03,6
HSG-00956,Cheeditha,Pilbara,9,2011-12-20,10
HSG-00957,Wongatha Wonganarra,Goldfields,6,2012-07-27,6
HSG-00958,Beagle Bay,Kimberley,1,2012-02-14,5
HSG-00959,Yulga Jinna,Mid West,3,1998-09-14,4
HSG-00960,Coonana,Goldfields,5,2021-04-27,5
HSG-00961,Wongatha Wonganarra,Goldfields,1,2014-03-24,7
HSG-00962,Carnarvon Reserve,Gascoyne,3,2021-02-21,6
HSG-00963,Yandeyarra,Pilbara,10,2007-05-18,4
HSG-00964,Mungullah,Mid West,1,2014-06-06,5
HSG-00965,Cheeditha,Pilbara,7,2014-10-07,9
HSG-00966,Burringurrah,Gascoyne,2,2022-06-16,6
HSG-00967,Beagle Bay,Kimberley,4,2014-09-24,5
HSG-00968,Burringurrah,Gascoyne,10,2008-10-03,3
HSG-00969,Burringurrah,Gascoyne,6,2015-03-10,6
HSG-00970,Wongatha Wonganarra,Goldfields,7,2024-01-05,6
HSG-00971,Warmun,Kimberley,6,2025-03-07,5
HSG-00972,Carnarvon Reserve,Gascoyne,6,2018-07-04,5
HSG-00973,Jigalong,Pilbara,6,2017-07-02,5
HSG-00974,Yulga Jinna,Mid West,6,2025-06-14,5
HSG-00975,Warmun,Kimberley,7,2021-07-03,5
HSG-00976,Yandeyarra,Pilbara,1,2019-01-22,8
HSG-00977,Burringurrah,Gascoyne,3,2005-10-30,4
HSG-00978,Pia Wadjari,Mid West,4,2012-01-24,8
HSG-00979,Wakathuni,Pilbara,1,2016-06-19,10
HSG-00980,Burringurrah,Gascoyne,7,2023-05-27,6
HSG-00981,Burringurrah,Gascoyne,5,2016-12-30,6
HSG-00982,Warmun,Kimberley,6,2023-12-09,7
HSG-00983,Wongatha Wonganarra,Goldfields,6,2016-01-11,6
HSG-00984,Wongatha Wonganarra,Goldfields,5,2017-02-24,5
HSG-00985,Jigalong,Pilbara,5,2024-07-26,8
HSG-00986,Yulga Jinna,Mid West,6,2003-06-21,1
HSG-00987,Yandeyarra,Pilbara,6,2011-01-02,6
HSG-00988,Tjuntjuntjara,Goldfields,5,2013-11-15,5
HSG-00989,Kalumburu,Kimberley,7,2019-12-07,7
HSG-00990,Wakathuni,Pilbara,3,2014-09-15,6
HSG-00991,Coonana,Goldfields,3,1997-03-05,3
HSG-00992,Coonana,Goldfields,4,2011-03-29,7
HSG-00993,Wongatha Wonganarra,Goldfields,7,2020-06-16,6
HSG-00994,Wongatha Wonganarra,Goldfields,7,2024-02-06,6
HSG-00995,Coonana,Goldfields,4,2016-10-28,6
HSG-00996,Tjuntjuntjara,Goldfields,7,2017-08-05,7
HSG-00997,Tjuntjuntjara,Goldfields,8,2022-10-02,7
HSG-00998,Kalumburu,Kimberley,6,2023-10-01,7
HSG-00999,Yandeyarra,Pilbara,5,2001-09-06,4
HSG-01000,Tjuntjuntjara,Goldfields,5,2013-03-16,4
HSG-01001,Jigalong,Pilbara,4,2015-11-04,5
HSG-01002,Burringurrah,Gascoyne,3,2021-12-20,5
HSG-01003,Yandeyarra,Pilbara,1,2010-12-14,6
HSG-01004,Cheeditha,Pilbara,5,2013-05-30,4
HSG-01005,Pia Wadjari,Mid West,6,2020-03-05,7
HSG-01006,Carnarvon Reserve,Gascoyne,1,1999-04-21,4
HSG-01007,Wakathuni,Pilbara,3,2000-11-10,4
HSG-01008,Pia Wadjari,Mid West,7,2014-05-30,5
HSG-01009,Kalumburu,Kimberley,4,2007-11-24,2
HSG-01010,Bidyadanga,Kimberley,6,1998-02-28,3
HSG-01011,Ardyaloon,Kimberley,5,2019-02-05,6
HSG-01012,Tjuntjuntjara,Goldfields,8,2010-04-11,3
HSG-01013,Yulga Jinna,Mid West,1,2017-03-07,6
HSG-01014,Ardyaloon,Kimberley,9,2017-01-03,8
HSG-01015,Yulga Jinna,Mid West,5,2015-10-22,5
HSG-01016,Cheeditha,Pilbara,7,1998-12-04,4
HSG-01017,Jigalong,Pilbara,6,2014-05-23,6
HSG-01018,Jigalong,Pilbara,7,2022-02-11,10
HSG-01019,Kalumburu,Kimberley,6,2021-03-28,5
HSG-01020,Wongatha Wonganarra,Goldfields,5,2012-11-21,2
HSG-01021,Wongatha Wonganarra,Goldfields,3,2024-07-29,5
HSG-01022,Ardyaloon,Kimberley,4,2026-05-05,6
HSG-01023,Warmun,Kimberley,3,2011-11-20,8
HSG-01024,Kalumburu,Kimberley,5,2017-10-01,5
HSG-01025,Jigalong,Pilbara,4,2025-12-26,6
HSG-01026,Yulga Jinna,Mid West,7,2010-06-28,4
HSG-01027,Burringurrah,Gascoyne,4,2021-10-28,5
HSG-01028,Kalumburu,Kimberley,2,2011-01-09,4
HSG-01029,Ardyaloon,Kimberley,4,2011-02-21,7
HSG-01030,Carnarvon Reserve,Gascoyne,6,2017-09-06,6
HSG-01031,Cheeditha,Pilbara,7,2013-01-01,5
HSG-01032,Yandeyarra,Pilbara,6,2011-02-16,5
HSG-01033,Pia Wadjari,Mid West,6,2007-06-02,4
HSG-01034,Ardyaloon,Kimberley,1,2022-08-10,5
HSG-01035,Mungullah,Mid West,8,2023-09-11,7
HSG-01036,Ardyaloon,Kimberley,7,2017-07-06,8
HSG-01037,Wakathuni,Pilbara,5,2017-01-16,6
HSG-01038,Mungullah,Mid West,4,2023-03-02,5
HSG-01039,Bidyadanga,Kimberley,6,2014-06-20,8
HSG-01040,Tjuntjuntjara,Goldfields,5,2023-04-12,5
HSG-01041,Ardyaloon,Kimberley,5,2021-06-25,7
HSG-01042,Cheeditha,Pilbara,2,2002-10-23,1
HSG-01043,Burringurrah,Gascoyne,4,2011-11-24,3
HSG-01044,Coonana,Goldfields,4,2022-11-06,5
HSG-01045,Pia Wadjari,Mid West,4,2017-11-15,8
HSG-01046,Pia Wadjari,Mid West,6,2021-04-03,6
HSG-01047,Yandeyarra,Pilbara,6,2009-04-10,3
HSG-01048,Yulga Jinna,Mid West,7,2010-08-15,5
HSG-01049,Mungullah,Mid West,6,2001-12-03,4
HSG-01050,Carnarvon Reserve,Gascoyne,2,2021-09-25,7
HSG-01051,Mungullah,Mid West,6,2000-10-22,4
HSG-01052,Ardyaloon,Kimberley,3,2017-06-30,8
HSG-01053,Coonana,Goldfields,2,2018-06-23,8
HSG-01054,Wongatha Wonganarra,Goldfields,3,2022-10-21,7
HSG-01055,Wakathuni,Pilbara,4,2014-06-27,7
HSG-01056,Mungullah,Mid West,4,2025-05-24,5
HSG-01057,Wakathuni,Pilbara,5,1999-03-13,4
HSG-01058,Warmun,Kimberley,7,2016-01-29,5
HSG-01059,Tjuntjuntjara,Goldfields,4,2012-09-15,4
HSG-01060,Wakathuni,Pilbara,1,2014-02-01,5
HSG-01061,Warmun,Kimberley,10,2011-08-13,7
HSG-01062,Mungullah,Mid West,5,2010-10-17,5
HSG-01063,Coonana,Goldfields,5,2010-07-03,6
HSG-01064,Ardyaloon,Kimberley,2,2013-11-02,8
HSG-01065,Kalumburu,Kimberley,7,2026-04-13,7
HSG-01066,Burringurrah,Gascoyne,6,2019-06-30,6
HSG-01067,Pia Wadjari,Mid West,6,2015-05-05,7
HSG-01068,Wakathuni,Pilbara,4,2003-08-22,4
HSG-01069,Burringurrah,Gascoyne,5,2014-10-13,8
HSG-01070,Ardyaloon,Kimberley,2,2007-06-02,3
HSG-01071,Tjuntjuntjara,Goldfields,5,2016-08-24,6
HSG-01072,Burringurrah,Gascoyne,5,2023-05-07,6
HSG-01073,Wakathuni,Pilbara,5,2021-11-02,8
HSG-01074,Bidyadanga,Kimberley,1,2008-02-27,4
HSG-01075,Warmun,Kimberley,5,2007-10-12,3
HSG-01076,Cheeditha,Pilbara,5,2022-10-30,8
HSG-01077,Kalumburu,Kimberley,5,2022-10-12,6
HSG-01078,Yulga Jinna,Mid West,2,1995-09-21,4
HSG-01079,Wakathuni,Pilbara,4,2025-08-31,5
HSG-01080,Kalumburu,Kimberley,8,2012-08-06,7
HSG-01081,Yulga Jinna,Mid West,3,2020-06-10,6
HSG-01082,Carnarvon Reserve,Gascoyne,6,2022-04-07,8
HSG-01083,Yulga Jinna,Mid West,8,2003-09-19,4
HSG-01084,Pia Wadjari,Mid West,3,2007-01-14,3
HSG-01085,Pia Wadjari,Mid West,4,2016-10-12,6
HSG-01086,Jigalong,Pilbara,7,2012-07-28,5
HSG-01087,Burringurrah,Gascoyne,4,2015-06-02,6
HSG-01088,Carnarvon Reserve,Gascoyne,3,2020-02-13,9
HSG-01089,Burringurrah,Gascoyne,1,2014-06-22,6
HSG-01090,Jigalong,Pilbara,9,2015-06-03,6
HSG-01091,Bidyadanga,Kimberley,5,2010-08-08,5
HSG-01092,Burringurrah,Gascoyne,5,2016-10-27,8
HSG-01093,Kalumburu,Kimberley,1,2023-05-18,8
HSG-01094,Mungullah,Mid West,2,2024-06-20,5
HSG-01095,Beagle Bay,Kimberley,4,2018-03-10,7
HSG-01096,Wongatha Wonganarra,Goldfields,1,2018-03-18,6
HSG-01097,Bidyadanga,Kimberley,9,2007-08-30,3
HSG-01098,Bidyadanga,Kimberley,5,2000-04-13,4
HSG-01099,Carnarvon Reserve,Gascoyne,6,2014-01-31,6
HSG-01100,Burringurrah,Gascoyne,4,2024-11-15,6
HSG-01101,Pia Wadjari,Mid West,9,2015-08-23,5
HSG-01102,Ardyaloon,Kimberley,7,2006-02-20,3
HSG-01103,Burringurrah,Gascoyne,3,2018-07-11,6
HSG-01104,Wongatha Wonganarra,Goldfields,8,2020-02-21,6
HSG-01105,Tjuntjuntjara,Goldfields,4,2020-06-15,5
HSG-01106,Beagle Bay,Kimberley,2,2020-09-09,7
HSG-01107,Warmun,Kimberley,7,2024-10-22,5
HSG-01108,Wongatha Wonganarra,Goldfields,4,2018-03-26,6
HSG-01109,Cheeditha,Pilbara,4,2025-12-11,5
HSG-01110,Yulga Jinna,Mid West,10,2022-05-10,5
HSG-01111,Cheeditha,Pilbara,4,2012-07-16,4
HSG-01112,Burringurrah,Gascoyne,7,2010-08-13,5
HSG-01113,Burringurrah,Gascoyne,4,2023-06-02,8
HSG-01114,Wongatha Wonganarra,Goldfields,8,2007-03-01,4
HSG-01115,Carnarvon Reserve,Gascoyne,1,2020-10-30,7
HSG-01116,Burringurrah,Gascoyne,3,2023-12-03,7
HSG-01117,Jigalong,Pilbara,1,2015-12-14,7
HSG-01118,Tjuntjuntjara,Goldfields,2,2019-07-19,7
HSG-01119,Burringurrah,Gascoyne,5,1996-07-08,4
HSG-01120,Ardyaloon,Kimberley,4,2014-10-16,7
HSG-01121,Jigalong,Pilbara,5,2024-06-14,7
HSG-01122,Tjuntjuntjara,Goldfields,9,2010-11-17,3
HSG-01123,Wongatha Wonganarra,Goldfields,9,2017-05-19,6
HSG-01124,Burringurrah,Gascoyne,3,1997-09-18,3
HSG-01125,Pia Wadjari,Mid West,5,2024-12-29,7
HSG-01126,Cheeditha,Pilbara,5,2024-04-10,8
HSG-01127,Yandeyarra,Pilbara,2,2024-02-12,5
HSG-01128,Wakathuni,Pilbara,2,2023-02-14,6
HSG-01129,Burringurrah,Gascoyne,7,2023-06-13,5
HSG-01130,Yandeyarra,Pilbara,1,2011-12-15,6
HSG-01131,Ardyaloon,Kimberley,6,2024-05-02,6
HSG-01132,Cheeditha,Pilbara,8,1997-04-30,4
HSG-01133,Carnarvon Reserve,Gascoyne,6,2017-11-04,8
HSG-01134,Pia Wadjari,Mid West,1,2013-10-23,6
HSG-01135,Coonana,Goldfields,4,2013-06-22,5
HSG-01136,Kalumburu,Kimberley,6,2025-07-05,5
HSG-01137,Carnarvon Reserve,Gascoyne,4,2024-06-05,6
HSG-01138,Bidyadanga,Kimberley,3,1998-04-12,4
HSG-01139,Wongatha Wonganarra,Goldfields,6,2004-07-28,3
HSG-01140,Bidyadanga,Kimberley,6,2011-11-19,6
HSG-01141,Yulga Jinna,Mid West,1,2013-10-02,4
HSG-01142,Jigalong,Pilbara,8,2009-11-14,4
HSG-01143,Burringurrah,Gascoyne,4,2021-12-29,6
HSG-01144,Coonana,Goldfields,7,2022-03-28,5
HSG-01145,Ardyaloon,Kimberley,4,2013-08-30,8
HSG-01146,Carnarvon Reserve,Gascoyne,9,2017-02-13,7
HSG-01147,Coonana,Goldfields,5,2000-07-09,4
HSG-01148,Carnarvon Reserve,Gascoyne,3,2021-02-25,6
HSG-01149,Cheeditha,Pilbara,6,2020-04-02,8
HSG-01150,Yandeyarra,Pilbara,6,1996-10-12,3
HSG-01151,Carnarvon Reserve,Gascoyne,7,2004-06-25,4
HSG-01152,Bidyadanga,Kimberley,4,2023-02-18,6
HSG-01153,Burringurrah,Gascoyne,9,2015-12-01,10
HSG-01154,Jigalong,Pilbara,6,2023-01-05,5
HSG-01155,Carnarvon Reserve,Gascoyne,6,2019-12-20,7
HSG-01156,Pia Wadjari,Mid West,4,2015-07-21,9
HSG-01157,Wongatha Wonganarra,Goldfields,6,2021-08-14,6
HSG-01158,Burringurrah,Gascoyne,6,2015-10-25,6
HSG-01159,Yandeyarra,Pilbara,7,2004-01-29,4
HSG-01160,Wakathuni,Pilbara,4,2005-12-01,4
HSG-01161,Cheeditha,Pilbara,6,2010-10-09,7
HSG-01162,Pia Wadjari,Mid West,6,2016-09-24,9
HSG-01163,Carnarvon Reserve,Gascoyne,5,2020-07-04,7
HSG-01164,Carnarvon Reserve,Gascoyne,3,2018-03-21,5
HSG-01165,Carnarvon Reserve,Gascoyne,7,2017-07-15,7
HSG-01166,Ardyaloon,Kimberley,4,2025-09-12,5
HSG-01167,Kalumburu,Kimberley,2,2013-08-03,5
HSG-01168,Yandeyarra,Pilbara,7,2017-08-26,7
HSG-01169,Burringurrah,Gascoyne,6,2021-11-24,6
HSG-01170,Mungullah,Mid West,5,1996-01-09,4
HSG-01171,Wakathuni,Pilbara,7,2023-11-08,6
HSG-01172,Wongatha Wonganarra,Goldfields,6,2025-06-24,5
HSG-01173,Jigalong,Pilbara,1,2021-10-14,7
HSG-01174,Jigalong,Pilbara,4,1995-08-21,4
HSG-01175,Wakathuni,Pilbara,7,2015-05-12,5
HSG-01176,Wakathuni,Pilbara,7,2019-04-29,7
HSG-01177,Tjuntjuntjara,Goldfields,7,2007-05-13,3
HSG-01178,Cheeditha,Pilbara,8,2013-10-04,6
HSG-01179,Mungullah,Mid West,4,2024-07-01,6
HSG-01180,Coonana,Goldfields,1,2018-01-17,6
HSG-01181,Carnarvon Reserve,Gascoyne,3,2001-07-05,3
HSG-01182,Pia Wadjari,Mid West,2,2023-09-08,8
HSG-01183,Tjuntjuntjara,Goldfields,4,2018-09-09,8
HSG-01184,Pia Wadjari,Mid West,4,2002-09-28,2
HSG-01185,Yulga Jinna,Mid West,3,2025-09-15,8
HSG-01186,Wakathuni,Pilbara,5,2021-02-02,5
HSG-01187,Kalumburu,Kimberley,5,2018-02-12,6
HSG-01188,Jigalong,Pilbara,7,2020-11-26,8
HSG-01189,Carnarvon Reserve,Gascoyne,4,2006-11-03,3
HSG-01190,Wongatha Wonganarra,Goldfields,4,2022-09-26,6
HSG-01191,Pia Wadjari,Mid West,3,2007-08-05,4
HSG-01192,Wakathuni,Pilbara,6,2026-01-25,5
HSG-01193,Beagle Bay,Kimberley,5,1995-08-07,4
HSG-01194,Jigalong,Pilbara,4,1998-05-16,4
HSG-01195,Carnarvon Reserve,Gascoyne,7,2025-03-05,7
HSG-01196,Coonana,Goldfields,1,1997-11-10,4
HSG-01197,Carnarvon Reserve,Gascoyne,2,2005-04-21,4
HSG-01198,Wakathuni,Pilbara,5,1998-10-02,3
HSG-01199,Jigalong,Pilbara,3,2000-08-01,4
HSG-01200,Jigalong,Pilbara,5,2018-03-07,6
HSG-01201,Tjuntjuntjara,Goldfields,3,2024-02-02,6
HSG-01202,Pia Wadjari,Mid West,4,2022-04-05,5
HSG-01203,Beagle Bay,Kimberley,9,2013-03-17,8
HSG-01204,Carnarvon Reserve,Gascoyne,2,2020-09-29,7
HSG-01205,Carnarvon Reserve,Gascoyne,7,1996-09-21,3
HSG-01206,Ardyaloon,Kimberley,7,2010-06-30,8
HSG-01207,Yandeyarra,Pilbara,3,2000-09-10,4
HSG-01208,Pia Wadjari,Mid West,7,2024-06-06,6
HSG-01209,Burringurrah,Gascoyne,6,2018-09-27,6
HSG-01210,Pia Wadjari,Mid West,6,1995-06-15,3
HSG-01211,Carnarvon Reserve,Gascoyne,7,2013-03-25,8
HSG-01212,Tjuntjuntjara,Goldfields,4,2019-04-19,5
HSG-01213,Wongatha Wonganarra,Goldfields,2,2013-01-21,6
HSG-01214,Yandeyarra,Pilbara,6,2025-08-07,5
HSG-01215,Carnarvon Reserve,Gascoyne,7,2025-11-18,5
HSG-01216,Cheeditha,Pilbara,6,2000-12-01,4
HSG-01217,Beagle Bay,Kimberley,5,2012-07-03,5
HSG-01218,Burringurrah,Gascoyne,5,2017-08-30,5
HSG-01219,Yulga Jinna,Mid West,5,2014-07-23,7
HSG-01220,Wongatha Wonganarra,Goldfields,4,2002-02-20,3
HSG-01221,Yulga Jinna,Mid West,9,2011-03-03,8
HSG-01222,Wongatha Wonganarra,Goldfields,2,2011-01-24,7
HSG-01223,Wongatha Wonganarra,Goldfields,4,2014-06-05,6
HSG-01224,Yulga Jinna,Mid West,6,2021-06-27,5
HSG-01225,Beagle Bay,Kimberley,3,1999-06-12,4
HSG-01226,Yandeyarra,Pilbara,3,2007-09-16,4
HSG-01227,Pia Wadjari,Mid West,5,1996-07-26,4
HSG-01228,Beagle Bay,Kimberley,7,2013-07-11,8
HSG-01229,Ardyaloon,Kimberley,4,2021-10-01,6
HSG-01230,Burringurrah,Gascoyne,6,2024-04-27,6
HSG-01231,Coonana,Goldfields,5,2015-04-22,7
HSG-01232,Carnarvon Reserve,Gascoyne,6,2001-11-11,3
HSG-01233,Burringurrah,Gascoyne,7,2025-03-01,7
HSG-01234,Pia Wadjari,Mid West,3,2026-02-15,6
HSG-01235,Burringurrah,Gascoyne,7,2020-05-13,5
HSG-01236,Carnarvon Reserve,Gascoyne,7,2020-06-19,10
HSG-01237,Bidyadanga,Kimberley,3,2006-07-03,3
HSG-01238,Beagle Bay,Kimberley,6,2024-01-09,7
HSG-01239,Pia Wadjari,Mid West,4,2013-11-06,8
HSG-01240,Carnarvon Reserve,Gascoyne,2,2025-06-03,7
HSG-01241,Ardyaloon,Kimberley,4,2016-08-18,9
HSG-01242,Burringurrah,Gascoyne,9,2003-01-14,4
HSG-01243,Jigalong,Pilbara,4,2011-11-08,7
HSG-01244,Carnarvon Reserve,Gascoyne,4,2018-03-03,5
HSG-01245,Yulga Jinna,Mid West,5,2010-08-20,2
HSG-01246,Kalumburu,Kimberley,5,2004-12-11,4
HSG-01247,Kalumburu,Kimberley,4,2017-08-29,8
HSG-01248,Burringurrah,Gascoyne,2,2011-11-21,7
HSG-01249,Burringurrah,Gascoyne,4,2018-12-09,5
HSG-01250,Yulga Jinna,Mid West,7,2011-08-06,6
HSG-01251,Warmun,Kimberley,6,2023-01-18,7
HSG-01252,Warmun,Kimberley,4,2006-06-22,4
HSG-01253,Cheeditha,Pilbara,3,2000-12-06,4
HSG-01254,Carnarvon Reserve,Gascoyne,10,2018-01-24,8
HSG-01255,Coonana,Goldfields,2,2001-06-25,3
HSG-01256,Coonana,Goldfields,6,2020-09-29,6
HSG-01257,Tjuntjuntjara,Goldfields,6,2019-08-11,5
HSG-01258,Coonana,Goldfields,5,2019-09-18,6
HSG-01259,Jigalong,Pilbara,5,2007-01-19,2
HSG-01260,Jigalong,Pilbara,4,2008-01-27,4
HSG-01261,Burringurrah,Gascoyne,5,2022-04-06,10
HSG-01262,Ardyaloon,Kimberley,6,2010-07-23,5
HSG-01263,Kalumburu,Kimberley,7,2024-09-25,6
HSG-01264,Wongatha Wonganarra,Goldfields,6,2015-09-22,7
HSG-01265,Burringurrah,Gascoyne,10,1999-03-04,3
HSG-01266,Burringurrah,Gascoyne,6,2002-02-11,4
HSG-01267,Carnarvon Reserve,Gascoyne,6,2012-09-05,4
HSG-01268,Pia Wadjari,Mid West,4,2024-09-14,5
HSG-01269,Tjuntjuntjara,Goldfields,7,2020-10-08,7
HSG-01270,Kalumburu,Kimberley,2,2011-12-23,6
HSG-01271,Ardyaloon,Kimberley,3,2007-11-21,3
HSG-01272,Carnarvon Reserve,Gascoyne,5,2015-11-28,5
HSG-01273,Burringurrah,Gascoyne,10,2020-08-23,6
HSG-01274,Coonana,Goldfields,2,2005-10-05,4
HSG-01275,Burringurrah,Gascoyne,7,2015-02-27,9
HSG-01276,Pia Wadjari,Mid West,2,2007-11-01,2
HSG-01277,Tjuntjuntjara,Goldfields,9,2014-01-09,6
HSG-01278,Mungullah,Mid West,3,2021-08-09,6
HSG-01279,Yandeyarra,Pilbara,1,2018-01-31,6
HSG-01280,Burringurrah,Gascoyne,6,2014-02-21,7
HSG-01281,Jigalong,Pilbara,3,2011-05-29,6
HSG-01282,Wakathuni,Pilbara,3,2011-03-26,6
HSG-01283,Burringurrah,Gascoyne,3,2010-12-31,5
HSG-01284,Wongatha Wonganarra,Goldfields,3,2024-11-07,7
HSG-01285,Beagle Bay,Kimberley,7,2025-02-08,5
HSG-01286,Tjuntjuntjara,Goldfields,5,2010-10-15,3
HSG-01287,Tjuntjuntjara,Goldfields,4,2014-11-29,5
HSG-01288,Burringurrah,Gascoyne,10,2003-05-25,3
HSG-01289,Mungullah,Mid West,8,2014-06-19,7
HSG-01290,Carnarvon Reserve,Gascoyne,6,2021-01-05,9
HSG-01291,Tjuntjuntjara,Goldfields,6,2010-10-17,6
HSG-01292,Warmun,Kimberley,5,2016-10-06,8
HSG-01293,Jigalong,Pilbara,7,2003-11-01,4
HSG-01294,Burringurrah,Gascoyne,2,2024-04-19,5
HSG-01295,Cheeditha,Pilbara,3,2018-12-22,5
HSG-01296,Wongatha Wonganarra,Goldfields,8,2016-06-02,5
HSG-01297,Wongatha Wonganarra,Goldfields,5,2014-01-14,6
HSG-01298,Pia Wadjari,Mid West,7,1995-09-13,1
HSG-01299,Pia Wadjari,Mid West,4,2021-02-25,6
HSG-01300,Beagle Bay,Kimberley,8,2018-06-27,5
HSG-01301,Wongatha Wonganarra,Goldfields,1,2024-02-12,7
HSG-01302,Wakathuni,Pilbara,4,2011-04-15,3
HSG-01303,Warmun,Kimberley,4,2025-05-16,5
HSG-01304,Yulga Jinna,Mid West,4,2012-04-09,2
HSG-01305,Wongatha Wonganarra,Goldfields,7,2022-04-17,8
HSG-01306,Pia Wadjari,Mid West,6,2007-01-28,3
HSG-01307,Tjuntjuntjara,Goldfields,5,2022-03-24,5
HSG-01308,Carnarvon Reserve,Gascoyne,6,2026-05-12,7
HSG-01309,Tjuntjuntjara,Goldfields,3,2010-10-06,6
HSG-01310,Burringurrah,Gascoyne,6,2012-03-24,8
HSG-01311,Carnarvon Reserve,Gascoyne,7,2011-07-14,7
HSG-01312,Burringurrah,Gascoyne,5,2016-12-05,8
HSG-01313,Yulga Jinna,Mid West,6,2007-04-19,4
HSG-01314,Pia Wadjari,Mid West,8,2014-11-02,7
HSG-01315,Coonana,Goldfields,4,2017-05-26,5
HSG-01316,Kalumburu,Kimberley,6,2021-12-05,6
HSG-01317,Tjuntjuntjara,Goldfields,5,2025-06-11,6
HSG-01318,Pia Wadjari,Mid West,9,2017-05-27,7
HSG-01319,Pia Wadjari,Mid West,5,2019-05-28,7
HSG-01320,Burringurrah,Gascoyne,3,2019-11-02,6
HSG-01321,Burringurrah,Gascoyne,9,2014-01-25,5
HSG-01322,Wakathuni,Pilbara,3,2002-02-12,4
HSG-01323,Coonana,Goldfields,3,2000-07-19,4
HSG-01324,Cheeditha,Pilbara,4,2004-07-06,3
HSG-01325,Burringurrah,Gascoyne,5,2013-02-25,7
HSG-01326,Beagle Bay,Kimberley,3,2022-01-02,8
HSG-01327,Warmun,Kimberley,6,2012-01-14,7
HSG-01328,Burringurrah,Gascoyne,4,2019-12-18,7
HSG-01329,Beagle Bay,Kimberley,3,2024-08-29,7
HSG-01330,Beagle Bay,Kimberley,5,2023-01-06,6
HSG-01331,Coonana,Goldfields,2,2000-05-31,4
HSG-01332,Yandeyarra,Pilbara,6,2010-05-26,4
HSG-01333,Mungullah,Mid West,6,2003-11-01,3
HSG-01334,Tjuntjuntjara,Goldfields,7,2002-10-10,3
HSG-01335,Bidyadanga,Kimberley,6,2024-03-16,7
HSG-01336,Bidyadanga,Kimberley,3,2014-04-26,7
HSG-01337,Burringurrah,Gascoyne,6,2021-02-21,5
HSG-01338,Tjuntjuntjara,Goldfields,3,2014-03-31,2
HSG-01339,Wakathuni,Pilbara,6,2000-01-30,3
HSG-01340,Beagle Bay,Kimberley,5,2012-04-14,5
HSG-01341,Carnarvon Reserve,Gascoyne,6,2010-11-15,5
HSG-01342,Tjuntjuntjara,Goldfields,4,2020-07-12,7
HSG-01343,Kalumburu,Kimberley,6,2023-01-21,6
HSG-01344,Yulga Jinna,Mid West,6,2005-02-22,3
HSG-01345,Coonana,Goldfields,7,2020-04-03,7
HSG-01346,Wakathuni,Pilbara,3,2016-05-24,5
HSG-01347,Cheeditha,Pilbara,5,2022-11-09,5
HSG-01348,Yandeyarra,Pilbara,6,2024-08-05,8
HSG-01349,Yulga Jinna,Mid West,7,2009-11-24,3
HSG-01350,Beagle Bay,Kimberley,6,2020-09-17,8
HSG-01351,Kalumburu,Kimberley,6,2015-07-16,7
HSG-01352,Ardyaloon,Kimberley,9,2014-07-06,7
HSG-01353,Yandeyarra,Pilbara,6,2021-09-23,7
HSG-01354,Cheeditha,Pilbara,5,2014-10-20,6
HSG-01355,Yandeyarra,Pilbara,4,2013-11-30,8
HSG-01356,Cheeditha,Pilbara,3,2024-09-23,8
HSG-01357,Yulga Jinna,Mid West,6,2004-08-30,3
HSG-01358,Mungullah,Mid West,6,1996-03-02,2
HSG-01359,Burringurrah,Gascoyne,6,2015-10-05,7
HSG-01360,Wongatha Wonganarra,Goldfields,4,2021-04-25,6
HSG-01361,Carnarvon Reserve,Gascoyne,9,2012-01-02,5
HSG-01362,Wongatha Wonganarra,Goldfields,3,2014-10-12,8
HSG-01363,Kalumburu,Kimberley,9,2014-02-27,6
HSG-01364,Kalumburu,Kimberley,7,2014-07-19,8
HSG-01365,Cheeditha,Pilbara,3,2023-06-27,5
HSG-01366,Burringurrah,Gascoyne,8,2019-09-05,9
HSG-01367,Yulga Jinna,Mid West,6,2009-07-24,4
HSG-01368,Tjuntjuntjara,Goldfields,9,2012-07-08,5
HSG-01369,Coonana,Goldfields,4,2022-09-05,6
HSG-01370,Ardyaloon,Kimberley,8,2022-02-28,7
HSG-01371,Beagle Bay,Kimberley,6,2022-09-24,6
HSG-01372,Yandeyarra,Pilbara,5,2024-08-10,7
HSG-01373,Yulga Jinna,Mid West,1,2010-09-06,5
HSG-01374,Burringurrah,Gascoyne,6,2012-11-26,3
HSG-01375,Yandeyarra,Pilbara,6,2026-02-12,5
HSG-01376,Mungullah,Mid West,9,2011-07-10,8
HSG-01377,Bidyadanga,Kimberley,4,2012-11-25,5
HSG-01378,Kalumburu,Kimberley,5,2017-09-03,5
HSG-01379,Ardyaloon,Kimberley,5,2005-04-25,4
HSG-01380,Yandeyarra,Pilbara,3,2023-02-01,7
HSG-01381,Burringurrah,Gascoyne,6,2008-02-25,4
HSG-01382,Carnarvon Reserve,Gascoyne,7,1995-07-21,4
HSG-01383,Wakathuni,Pilbara,6,2022-07-08,7
HSG-01384,Burringurrah,Gascoyne,5,2011-06-08,6
HSG-01385,Mungullah,Mid West,4,2021-02-27,5
HSG-01386,Burringurrah,Gascoyne,5,1997-12-15,4
HSG-01387,Wakathuni,Pilbara,5,2002-12-25,3
HSG-01388,Burringurrah,Gascoyne,4,2014-11-02,5
HSG-01389,Yulga Jinna,Mid West,4,2015-07-25,5
HSG-01390,Jigalong,Pilbara,5,2013-08-24,6
HSG-01391,Tjuntjuntjara,Goldfields,7,1999-10-19,4
HSG-01392,Mungullah,Mid West,2,2013-01-07,4
HSG-01393,Carnarvon Reserve,Gascoyne,4,2021-12-27,5
HSG-01394,Bidyadanga,Kimberley,3,2007-02-14,3
HSG-01395,Coonana,Goldfields,4,2017-08-21,6
HSG-01396,Carnarvon Reserve,Gascoyne,6,2011-05-14,4
HSG-01397,Pia Wadjari,Mid West,4,2010-03-24,4
HSG-01398,Tjuntjuntjara,Goldfields,5,1996-01-30,4
HSG-01399,Cheeditha,Pilbara,6,2005-04-17,2
HSG-01400,Burringurrah,Gascoyne,4,2020-04-21,6
HSG-01401,Tjuntjuntjara,Goldfields,5,2020-09-23,10
HSG-01402,Carnarvon Reserve,Gascoyne,6,2005-05-15,4
HSG-01403,Burringurrah,Gascoyne,5,2012-05-04,2
HSG-01404,Tjuntjuntjara,Goldfields,5,2000-11-03,4
HSG-01405,Beagle Bay,Kimberley,7,2025-07-09,5
HSG-01406,Mungullah,Mid West,5,2004-09-08,4
HSG-01407,Bidyadanga,Kimberley,9,2021-12-14,5
HSG-01408,Carnarvon Reserve,Gascoyne,9,2022-05-05,7
HSG-01409,Pia Wadjari,Mid West,6,2024-02-06,6
HSG-01410,Pia Wadjari,Mid West,6,2002-03-21,2
HSG-01411,Cheeditha,Pilbara,4,2023-09-29,7
HSG-01412,Carnarvon Reserve,Gascoyne,5,1996-11-13,3
HSG-01413,Coonana,Goldfields,5,2013-09-18,9
HSG-01414,Yulga Jinna,Mid West,8,2022-03-22,5
HSG-01415,Yulga Jinna,Mid West,7,2019-09-24,5
HSG-01416,Yulga Jinna,Mid West,1,1996-02-26,4
HSG-01417,Carnarvon Reserve,Gascoyne,8,2019-04-25,5
HSG-01418,Tjuntjuntjara,Goldfields,4,2015-06-16,5
HSG-01419,Carnarvon Reserve,Gascoyne,9,2022-06-21,8
HSG-01420,Pia Wadjari,Mid West,10,2014-12-05,5
HSG-01421,Cheeditha,Pilbara,6,2002-08-04,3
HSG-01422,Bidyadanga,Kimberley,8,2008-12-05,3
HSG-01423,Burringurrah,Gascoyne,5,2009-10-20,4
HSG-01424,Beagle Bay,Kimberley,4,2007-06-18,4
HSG-01425,Coonana,Goldfields,4,2024-04-02,5
HSG-01426,Beagle Bay,Kimberley,4,2022-01-03,7
HSG-01427,Bidyadanga,Kimberley,3,2022-12-25,6
HSG-01428,Pia Wadjari,Mid West,8,2025-12-11,5
HSG-01429,Jigalong,Pilbara,3,2019-08-25,5
HSG-01430,Burringurrah,Gascoyne,8,2010-07-19,6
HSG-01431,Yandeyarra,Pilbara,4,2013-08-07,6
HSG-01432,Carnarvon Reserve,Gascoyne,3,2018-03-05,7
HSG-01433,Bidyadanga,Kimberley,6,2019-06-09,5
HSG-01434,Burringurrah,Gascoyne,3,2012-10-06,4
HSG-01435,Ardyaloon,Kimberley,6,2013-06-28,8
HSG-01436,Wongatha Wonganarra,Goldfields,4,2015-04-07,6
HSG-01437,Bidyadanga,Kimberley,1,2002-02-06,4
HSG-01438,Yulga Jinna,Mid West,5,2010-12-23,4
HSG-01439,Yulga Jinna,Mid West,3,1997-04-21,4
HSG-01440,Jigalong,Pilbara,6,2011-08-19,5
HSG-01441,Ardyaloon,Kimberley,1,2006-09-05,2
HSG-01442,Tjuntjuntjara,Goldfields,4,2010-11-13,6
HSG-01443,Yandeyarra,Pilbara,1,2014-06-16,5
HSG-01444,Tjuntjuntjara,Goldfields,4,2017-01-31,8
HSG-01445,Burringurrah,Gascoyne,4,2024-07-13,6
HSG-01446,Tjuntjuntjara,Goldfields,5,2013-08-21,2
HSG-01447,Coonana,Goldfields,7,2021-12-07,6
HSG-01448,Yulga Jinna,Mid West,6,2022-04-16,10
HSG-01449,Yulga Jinna,Mid West,1,2018-10-30,9
HSG-01450,Jigalong,Pilbara,4,2012-12-24,6
HSG-01451,Burringurrah,Gascoyne,5,2011-08-29,5
HSG-01452,Jigalong,Pilbara,4,2021-08-06,6
HSG-01453,Carnarvon Reserve,Gascoyne,2,2021-12-23,7
HSG-01454,Carnarvon Reserve,Gascoyne,4,2001-03-22,3
HSG-01455,Carnarvon Reserve,Gascoyne,4,2016-04-27,8
HSG-01456,Carnarvon Reserve,Gascoyne,4,2020-12-19,6
HSG-01457,Yandeyarra,Pilbara,3,2015-11-02,7
HSG-01458,Pia Wadjari,Mid West,7,2011-07-11,9
HSG-01459,Coonana,Goldfields,5,2020-04-06,7
HSG-01460,Jigalong,Pilbara,5,2025-07-20,8
HSG-01461,Burringurrah,Gascoyne,3,2018-07-30,7
HSG-01462,Jigalong,Pilbara,5,2025-11-27,5
HSG-01463,Warmun,Kimberley,5,2021-09-15,6
HSG-01464,Burringurrah,Gascoyne,5,2015-02-27,6
HSG-01465,Pia Wadjari,Mid West,8,2011-03-24,7
HSG-01466,Jigalong,Pilbara,7,2019-05-15,5
HSG-01467,Mungullah,Mid West,3,2017-11-01,7
HSG-01468,Jigalong,Pilbara,7,2020-04-27,8
HSG-01469,Wakathuni,Pilbara,4,2010-06-15,5
HSG-01470,Tjuntjuntjara,Goldfields,1,2018-10-25,5
HSG-01471,Mungullah,Mid West,7,2013-12-23,5
HSG-01472,Yulga Jinna,Mid West,6,2024-09-05,5
HSG-01473,Warmun,Kimberley,6,2000-05-14,3
HSG-01474,Wakathuni,Pilbara,5,2012-08-20,1
HSG-01475,Yulga Jinna,Mid West,5,2013-02-24,3
HSG-01476,Tjuntjuntjara,Goldfields,8,2013-12-28,7
HSG-01477,Tjuntjuntjara,Goldfields,6,2020-10-26,8
HSG-01478,Wongatha Wonganarra,Goldfields,3,2024-06-10,9
HSG-01479,Carnarvon Reserve,Gascoyne,7,2011-07-07,5
HSG-01480,Mungullah,Mid West,7,1998-04-09,4
HSG-01481,Jigalong,Pilbara,3,2001-11-05,4
HSG-01482,Tjuntjuntjara,Goldfields,4,2014-03-02,4
HSG-01483,Yulga Jinna,Mid West,8,2019-10-11,5
HSG-01484,Bidyadanga,Kimberley,6,2003-06-15,4
HSG-01485,Yandeyarra,Pilbara,1,2024-04-01,6
HSG-01486,Yulga Jinna,Mid West,1,2015-04-19,5
HSG-01487,Burringurrah,Gascoyne,2,2020-11-18,9
HSG-01488,Burringurrah,Gascoyne,7,2025-03-03,6
HSG-01489,Wongatha Wonganarra,Goldfields,8,2010-03-11,4
HSG-01490,Jigalong,Pilbara,6,2024-10-27,6
HSG-01491,Tjuntjuntjara,Goldfields,6,2012-01-06,8
HSG-01492,Yandeyarra,Pilbara,7,2022-02-16,6
HSG-01493,Kalumburu,Kimberley,1,2006-05-28,4
HSG-01494,Pia Wadjari,Mid West,5,2010-08-28,6
HSG-01495,Kalumburu,Kimberley,3,2011-02-01,10
HSG-01496,Wakathuni,Pilbara,8,2011-11-05,7
HSG-01497,Mungullah,Mid West,5,2026-01-24,5
HSG-01498,Burringurrah,Gascoyne,3,2020-05-05,6
HSG-01499,Jigalong,Pilbara,6,2012-07-02,3
HSG-01500,Coonana,Goldfields,6,2022-05-14,5
HSG-01501,Burringurrah,Gascoyne,1,2004-04-20,4
HSG-01502,Ardyaloon,Kimberley,4,2013-03-02,9
HSG-01503,Cheeditha,Pilbara,6,1995-08-23,3
HSG-01504,Wakathuni,Pilbara,6,1995-12-04,3
HSG-01505,Ardyaloon,Kimberley,7,2016-12-17,5
HSG-01506,Tjuntjuntjara,Goldfields,5,2023-10-24,8
HSG-01507,Carnarvon Reserve,Gascoyne,2,2004-10-05,3
HSG-01508,Yandeyarra,Pilbara,4,2017-12-14,7
HSG-01509,Burringurrah,Gascoyne,2,1998-02-18,1
HSG-01510,Yandeyarra,Pilbara,4,2022-08-11,6
HSG-01511,Carnarvon Reserve,Gascoyne,8,2010-06-15,5
HSG-01512,Burringurrah,Gascoyne,4,2012-07-25,8
HSG-01513,Tjuntjuntjara,Goldfields,1,2015-03-27,5
HSG-01514,Burringurrah,Gascoyne,5,2010-09-23,6
HSG-01515,Jigalong,Pilbara,4,2017-02-21,6
HSG-01516,Ardyaloon,Kimberley,1,2013-10-06,4
HSG-01517,Beagle Bay,Kimberley,6,2000-11-05,4
HSG-01518,Bidyadanga,Kimberley,5,2014-08-19,6
HSG-01519,Yandeyarra,Pilbara,4,2019-06-12,6
HSG-01520,Tjuntjuntjara,Goldfields,3,2023-12-24,5
HSG-01521,Wongatha Wonganarra,Goldfields,6,2016-05-28,6
HSG-01522,Bidyadanga,Kimberley,4,2015-11-11,6
HSG-01523,Carnarvon Reserve,Gascoyne,7,2009-02-23,2
HSG-01524,Tjuntjuntjara,Goldfields,8,2010-10-03,5
HSG-01525,Beagle Bay,Kimberley,6,2011-03-15,8
HSG-01526,Yulga Jinna,Mid West,2,2003-10-11,4
HSG-01527,Yulga Jinna,Mid West,4,2012-09-08,4
HSG-01528,Wongatha Wonganarra,Goldfields,9,2003-08-24,4
HSG-01529,Carnarvon Reserve,Gascoyne,4,2019-08-09,6
HSG-01530,Tjuntjuntjara,Goldfields,2,2024-03-14,5
HSG-01531,Coonana,Goldfields,6,2015-11-21,5
HSG-01532,Carnarvon Reserve,Gascoyne,5,2014-02-26,5
HSG-01533,Carnarvon Reserve,Gascoyne,2,2016-06-04,6
HSG-01534,Wongatha Wonganarra,Goldfields,9,2025-01-10,6
HSG-01535,Mungullah,Mid West,5,2011-02-01,7
HSG-01536,Tjuntjuntjara,Goldfields,2,2017-02-10,9
HSG-01537,Burringurrah,Gascoyne,5,2021-04-03,8
HSG-01538,Coonana,Goldfields,3,2020-04-13,9
HSG-01539,Yulga Jinna,Mid West,7,2025-09-24,6
HSG-01540,Carnarvon Reserve,Gascoyne,6,2019-12-08,5
HSG-01541,Yulga Jinna,Mid West,8,2016-12-15,6
HSG-01542,Yandeyarra,Pilbara,1,1997-06-24,3
HSG-01543,Jigalong,Pilbara,5,2024-10-06,6
HSG-01544,Yulga Jinna,Mid West,5,2023-05-28,8
HSG-01545,Coonana,Goldfields,1,2023-12-11,6
HSG-01546,Mungullah,Mid West,1,2022-09-06,7
HSG-01547,Coonana,Goldfields,5,2016-07-08,6
HSG-01548,Cheeditha,Pilbara,3,2020-02-22,8
HSG-01549,Tjuntjuntjara,Goldfields,7,2015-10-19,7
HSG-01550,Bidyadanga,Kimberley,5,2022-03-11,7
HSG-01551,Coonana,Goldfields,3,2025-07-15,7
HSG-01552,Carnarvon Reserve,Gascoyne,9,2019-08-27,7
HSG-01553,Wongatha Wonganarra,Goldfields,3,2016-01-14,6
HSG-01554,Cheeditha,Pilbara,2,2019-03-05,7
HSG-01555,Bidyadanga,Kimberley,6,2003-09-01,2
HSG-01556,Mungullah,Mid West,2,2022-05-16,5
HSG-01557,Yulga Jinna,Mid West,4,2013-04-08,3
HSG-01558,Mungullah,Mid West,6,2023-10-24,6
HSG-01559,Mungullah,Mid West,5,1995-07-19,4
HSG-01560,Yulga Jinna,Mid West,7,2014-12-24,8
HSG-01561,Coonana,Goldfields,4,1997-04-26,4
HSG-01562,Yulga Jinna,Mid West,6,2022-04-13,5
HSG-01563,Mungullah,Mid West,5,2011-12-26,7
HSG-01564,Pia Wadjari,Mid West,1,2019-02-06,8
HSG-01565,Cheeditha,Pilbara,5,2014-11-13,5
HSG-01566,Cheeditha,Pilbara,5,2015-10-12,5
HSG-01567,Mungullah,Mid West,1,2023-09-29,8
HSG-01568,Bidyadanga,Kimberley,5,2010-10-09,6
HSG-01569,Cheeditha,Pilbara,7,2002-07-30,4
HSG-01570,Carnarvon Reserve,Gascoyne,6,2022-11-04,5
HSG-01571,Bidyadanga,Kimberley,7,1996-07-08,2
HSG-01572,Bidyadanga,Kimberley,5,1996-10-12,4
HSG-01573,Yulga Jinna,Mid West,6,2013-01-30,6
HSG-01574,Carnarvon Reserve,Gascoyne,3,1997-03-16,4
HSG-01575,Pia Wadjari,Mid West,5,2011-12-10,4
HSG-01576,Wakathuni,Pilbara,7,2012-08-15,5
HSG-01577,Wongatha Wonganarra,Goldfields,1,2019-03-04,5
HSG-01578,Kalumburu,Kimberley,3,1999-04-08,3
HSG-01579,Burringurrah,Gascoyne,2,2015-08-21,6
HSG-01580,Warmun,Kimberley,8,2020-12-24,6
HSG-01581,Mungullah,Mid West,4,2022-06-14,6
HSG-01582,Burringurrah,Gascoyne,4,2003-09-24,4
HSG-01583,Ardyaloon,Kimberley,2,2008-03-23,2
HSG-01584,Carnarvon Reserve,Gascoyne,4,2021-06-26,6
HSG-01585,Wakathuni,Pilbara,5,2016-11-13,5
HSG-01586,Burringurrah,Gascoyne,3,2020-02-15,7
HSG-01587,Tjuntjuntjara,Goldfields,2,2016-10-21,7
HSG-01588,Coonana,Goldfields,3,1996-06-01,4
HSG-01589,Burringurrah,Gascoyne,2,2021-12-31,5
HSG-01590,Bidyadanga,Kimberley,7,2025-05-29,6
HSG-01591,Burringurrah,Gascoyne,7,2023-01-06,6
HSG-01592,Beagle Bay,Kimberley,3,2012-06-07,5
HSG-01593,Burringurrah,Gascoyne,3,2015-06-02,8
HSG-01594,Pia Wadjari,Mid West,2,2013-10-22,7
HSG-01595,Carnarvon Reserve,Gascoyne,7,2020-09-29,9
HSG-01596,Jigalong,Pilbara,4,2013-11-29,7
HSG-01597,Mungullah,Mid West,10,2004-06-25,4
HSG-01598,Jigalong,Pilbara,2,2014-04-26,2
HSG-01599,Beagle Bay,Kimberley,7,1998-07-04,2
HSG-01600,Mungullah,Mid West,4,2024-03-20,6
HSG-01601,Pia Wadjari,Mid West,5,2012-07-17,6
HSG-01602,Wakathuni,Pilbara,5,2012-08-23,8
HSG-01603,Pia Wadjari,Mid West,3,2003-02-09,4
HSG-01604,Wakathuni,Pilbara,3,2025-08-07,7
HSG-01605,Yulga Jinna,Mid West,7,2018-06-01,6
HSG-01606,Burringurrah,Gascoyne,8,2000-08-29,3
HSG-01607,Burringurrah,Gascoyne,9,2025-05-10,8
HSG-01608,Burringurrah,Gascoyne,7,2015-04-05,9
HSG-01609,Burringurrah,Gascoyne,1,2024-03-18,5
HSG-01610,Burringurrah,Gascoyne,3,2011-09-11,7
HSG-01611,Kalumburu,Kimberley,3,2024-01-25,7
HSG-01612,Yulga Jinna,Mid West,8,2023-06-14,7
HSG-01613,Burringurrah,Gascoyne,6,2012-12-08,4
HSG-01614,Carnarvon Reserve,Gascoyne,3,2010-10-13,8
HSG-01615,Burringurrah,Gascoyne,7,2015-10-29,5
HSG-01616,Tjuntjuntjara,Goldfields,4,2005-03-10,2
HSG-01617,Kalumburu,Kimberley,3,2016-08-16,9
HSG-01618,Coonana,Goldfields,2,2010-08-10,6
HSG-01619,Yandeyarra,Pilbara,7,2004-07-19,3
HSG-01620,Bidyadanga,Kimberley,5,2011-04-21,7
HSG-01621,Yandeyarra,Pilbara,5,2018-01-22,10
HSG-01622,Cheeditha,Pilbara,1,2018-01-20,7
HSG-01623,Ardyaloon,Kimberley,5,2020-08-01,7
HSG-01624,Wakathuni,Pilbara,6,2003-03-07,4
HSG-01625,Wongatha Wonganarra,Goldfields,6,2006-09-28,2
HSG-01626,Yandeyarra,Pilbara,6,2016-04-18,6
HSG-01627,Jigalong,Pilbara,6,2010-11-03,7
HSG-01628,Mungullah,Mid West,6,2011-07-11,6
HSG-01629,Jigalong,Pilbara,3,1995-12-12,4
HSG-01630,Bidyadanga,Kimberley,8,2023-05-04,8
HSG-01631,Wakathuni,Pilbara,4,2013-10-01,6
HSG-01632,Tjuntjuntjara,Goldfields,3,2018-11-18,8
HSG-01633,Pia Wadjari,Mid West,6,2018-03-18,9
HSG-01634,Burringurrah,Gascoyne,3,2026-01-02,5
HSG-01635,Pia Wadjari,Mid West,6,2015-09-03,7
HSG-01636,Ardyaloon,Kimberley,5,1996-07-14,4
HSG-01637,Tjuntjuntjara,Goldfields,7,2017-12-11,7
HSG-01638,Tjuntjuntjara,Goldfields,3,2023-01-20,8
HSG-01639,Burringurrah,Gascoyne,8,2011-06-22,6
HSG-01640,Jigalong,Pilbara,5,2015-06-20,6
HSG-01641,Cheeditha,Pilbara,3,2025-06-19,6
HSG-01642,Ardyaloon,Kimberley,1,2025-10-31,7
HSG-01643,Kalumburu,Kimberley,2,2022-06-14,8
HSG-01644,Pia Wadjari,Mid West,4,2019-01-06,5
HSG-01645,Coonana,Goldfields,4,2025-05-17,5
HSG-01646,Carnarvon Reserve,Gascoyne,8,2012-08-01,1
HSG-01647,Yandeyarra,Pilbara,8,2023-04-16,6
HSG-01648,Carnarvon Reserve,Gascoyne,2,2001-07-03,4
HSG-01649,Carnarvon Reserve,Gascoyne,9,2010-06-11,4
HSG-01650,Cheeditha,Pilbara,2,2016-10-04,8
HSG-01651,Warmun,Kimberley,6,2005-10-28,4
HSG-01652,Tjuntjuntjara,Goldfields,5,2009-04-26,4
HSG-01653,Coonana,Goldfields,7,2013-11-15,7
HSG-01654,Coonana,Goldfields,6,2018-01-16,6
HSG-01655,Wakathuni,Pilbara,9,2023-09-21,5
HSG-01656,Wakathuni,Pilbara,2,2020-07-04,6
HSG-01657,Mungullah,Mid West,10,2009-08-30,4
HSG-01658,Mungullah,Mid West,4,2022-10-16,6
HSG-01659,Coonana,Goldfields,5,2013-04-25,4
HSG-01660,Kalumburu,Kimberley,7,2017-10-15,10
HSG-01661,Warmun,Kimberley,5,2009-07-03,4
HSG-01662,Ardyaloon,Kimberley,2,2014-01-16,6
HSG-01663,Cheeditha,Pilbara,7,2013-08-11,6
HSG-01664,Kalumburu,Kimberley,5,1998-10-04,4
HSG-01665,Pia Wadjari,Mid West,3,2023-08-27,7
HSG-01666,Yandeyarra,Pilbara,7,2001-06-17,3
HSG-01667,Mungullah,Mid West,8,2014-12-13,7
HSG-01668,Tjuntjuntjara,Goldfields,8,2012-07-13,3
HSG-01669,Bidyadanga,Kimberley,2,2016-04-20,5
HSG-01670,Pia Wadjari,Mid West,6,2020-03-01,9
HSG-01671,Carnarvon Reserve,Gascoyne,7,2013-06-28,5
HSG-01672,Cheeditha,Pilbara,3,2014-04-08,8
HSG-01673,Tjuntjuntjara,Goldfields,3,2023-07-11,8
HSG-01674,Yulga Jinna,Mid West,4,2020-03-20,8
HSG-01675,Beagle Bay,Kimberley,6,2025-07-30,5
HSG-01676,Wakathuni,Pilbara,4,2014-04-30,5
HSG-01677,Burringurrah,Gascoyne,6,2010-09-02,6
HSG-01678,Mungullah,Mid West,4,2024-12-07,5
HSG-01679,Bidyadanga,Kimberley,5,2012-11-06,2
HSG-01680,Beagle Bay,Kimberley,6,1997-10-14,4
HSG-01681,Carnarvon Reserve,Gascoyne,2,1996-02-07,2
HSG-01682,Ardyaloon,Kimberley,1,2009-09-25,3
HSG-01683,Warmun,Kimberley,3,2025-01-25,9
HSG-01684,Yandeyarra,Pilbara,4,2020-07-11,6
HSG-01685,Bidyadanga,Kimberley,6,2022-10-09,6
HSG-01686,Carnarvon Reserve,Gascoyne,5,1996-05-04,3
HSG-01687,Ardyaloon,Kimberley,8,2010-08-02,9
HSG-01688,Carnarvon Reserve,Gascoyne,1,2012-02-19,4
HSG-01689,Pia Wadjari,Mid West,4,2001-12-20,4
HSG-01690,Kalumburu,Kimberley,6,1997-03-27,4
HSG-01691,Coonana,Goldfields,10,2024-07-30,8
HSG-01692,Cheeditha,Pilbara,5,2024-03-29,7
HSG-01693,Coonana,Goldfields,7,2001-03-10,4
HSG-01694,Wongatha Wonganarra,Goldfields,3,2020-10-18,6
HSG-01695,Yandeyarra,Pilbara,7,2022-04-09,6
HSG-01696,Burringurrah,Gascoyne,2,2009-05-25,4
HSG-01697,Mungullah,Mid West,5,2026-05-26,5
HSG-01698,Yandeyarra,Pilbara,9,1996-01-12,3
HSG-01699,Yulga Jinna,Mid West,6,2010-06-13,8
HSG-01700,Jigalong,Pilbara,10,2021-07-07,5
HSG-01701,Wongatha Wonganarra,Goldfields,6,2011-11-04,7
HSG-01702,Jigalong,Pilbara,5,2024-07-28,5
HSG-01703,Wakathuni,Pilbara,6,2011-07-16,1
HSG-01704,Tjuntjuntjara,Goldfields,7,2013-05-30,6
HSG-01705,Carnarvon Reserve,Gascoyne,5,2020-03-31,9
HSG-01706,Carnarvon Reserve,Gascoyne,4,2014-08-29,5
HSG-01707,Carnarvon Reserve,Gascoyne,9,1999-07-20,4
HSG-01708,Cheeditha,Pilbara,4,2025-02-19,5
HSG-01709,Beagle Bay,Kimberley,7,2010-09-21,6
HSG-01710,Jigalong,Pilbara,2,2025-05-02,5
HSG-01711,Tjuntjuntjara,Goldfields,4,2019-10-21,5
HSG-01712,Tjuntjuntjara,Goldfields,6,2012-05-10,6
HSG-01713,Ardyaloon,Kimberley,1,2021-03-11,7
HSG-01714,Warmun,Kimberley,6,2023-04-24,8
HSG-01715,Wakathuni,Pilbara,6,2015-10-30,7
HSG-01716,Cheeditha,Pilbara,6,2019-04-05,8
HSG-01717,Coonana,Goldfields,6,2023-01-29,5
HSG-01718,Mungullah,Mid West,10,2014-02-09,7
HSG-01719,Warmun,Kimberley,6,1995-10-01,3
HSG-01720,Warmun,Kimberley,2,2022-02-09,6
HSG-01721,Burringurrah,Gascoyne,5,2008-11-16,4
HSG-01722,Coonana,Goldfields,5,2012-02-23,8
HSG-01723,Tjuntjuntjara,Goldfields,7,2007-12-14,3
HSG-01724,Yandeyarra,Pilbara,5,1996-05-06,4
HSG-01725,Coonana,Goldfields,4,2022-10-04,5
HSG-01726,Pia Wadjari,Mid West,4,2008-12-09,3
HSG-01727,Cheeditha,Pilbara,5,2008-07-11,4
HSG-01728,Carnarvon Reserve,Gascoyne,1,2019-04-17,9
HSG-01729,Yulga Jinna,Mid West,7,2011-02-12,5
HSG-01730,Burringurrah,Gascoyne,5,2000-01-14,3
HSG-01731,Warmun,Kimberley,9,2019-01-25,9
HSG-01732,Tjuntjuntjara,Goldfields,5,2018-08-02,7
HSG-01733,Yandeyarra,Pilbara,5,2001-05-13,3
HSG-01734,Warmun,Kimberley,4,2024-10-24,6
HSG-01735,Burringurrah,Gascoyne,4,2010-06-11,5
HSG-01736,Warmun,Kimberley,5,2011-01-30,5
HSG-01737,Kalumburu,Kimberley,5,2013-06-12,4
HSG-01738,Mungullah,Mid West,3,2009-12-01,3
HSG-01739,Coonana,Goldfields,7,2012-05-24,2
HSG-01740,Yulga Jinna,Mid West,8,2017-03-10,8
HSG-01741,Yulga Jinna,Mid West,4,1996-05-24,1
HSG-01742,Pia Wadjari,Mid West,4,2021-06-04,5
HSG-01743,Mungullah,Mid West,3,2014-07-16,5
HSG-01744,Yulga Jinna,Mid West,8,2025-07-12,7
HSG-01745,Warmun,Kimberley,3,2003-09-06,3
HSG-01746,Bidyadanga,Kimberley,4,2013-01-14,5
HSG-01747,Carnarvon Reserve,Gascoyne,6,2023-07-17,5
HSG-01748,Wongatha Wonganarra,Goldfields,6,2024-09-08,9
HSG-01749,Coonana,Goldfields,7,2022-11-15,5
HSG-01750,Tjuntjuntjara,Goldfields,5,2024-11-23,5
HSG-01751,Coonana,Goldfields,8,1996-06-10,4
HSG-01752,Kalumburu,Kimberley,5,2020-03-21,6
HSG-01753,Coonana,Goldfields,4,1997-04-08,3
HSG-01754,Yulga Jinna,Mid West,6,2020-02-05,5
HSG-01755,Tjuntjuntjara,Goldfields,6,2017-09-16,5
HSG-01756,Pia Wadjari,Mid West,8,2013-04-30,4
HSG-01757,Tjuntjuntjara,Goldfields,9,1999-09-30,2
HSG-01758,Carnarvon Reserve,Gascoyne,6,2010-06-04,6
HSG-01759,Burringurrah,Gascoyne,3,2011-07-20,6
HSG-01760,Wongatha Wonganarra,Goldfields,8,2012-02-26,2
HSG-01761,Mungullah,Mid West,6,2011-11-14,1
HSG-01762,Cheeditha,Pilbara,3,2024-04-04,8
HSG-01763,Cheeditha,Pilbara,4,2010-06-11,3
HSG-01764,Wakathuni,Pilbara,5,2022-02-15,9
HSG-01765,Carnarvon Reserve,Gascoyne,1,2004-11-02,4
HSG-01766,Carnarvon Reserve,Gascoyne,8,2010-12-07,9
HSG-01767,Pia Wadjari,Mid West,5,2014-01-03,3
HSG-01768,Yandeyarra,Pilbara,10,2026-01-31,8
HSG-01769,Burringurrah,Gascoyne,6,2000-08-12,4
HSG-01770,Wongatha Wonganarra,Goldfields,5,2015-09-26,5
HSG-01771,Burringurrah,Gascoyne,6,2011-12-29,8
HSG-01772,Carnarvon Reserve,Gascoyne,7,2005-03-08,4
HSG-01773,Coonana,Goldfields,8,2010-11-24,6
HSG-01774,Coonana,Goldfields,7,2021-12-01,8
HSG-01775,Tjuntjuntjara,Goldfields,3,2020-07-18,5
HSG-01776,Cheeditha,Pilbara,4,2009-03-05,3
HSG-01777,Jigalong,Pilbara,6,2019-04-02,10
HSG-01778,Bidyadanga,Kimberley,1,2021-10-17,5
HSG-01779,Tjuntjuntjara,Goldfields,6,2021-02-14,6
HSG-01780,Carnarvon Reserve,Gascoyne,5,2003-12-10,3
HSG-01781,Cheeditha,Pilbara,6,1999-09-02,4
HSG-01782,Cheeditha,Pilbara,1,2023-05-18,8
HSG-01783,Pia Wadjari,Mid West,7,2021-10-08,6
HSG-01784,Coonana,Goldfields,6,2025-08-23,7
HSG-01785,Burringurrah,Gascoyne,5,2016-10-01,7
HSG-01786,Wongatha Wonganarra,Goldfields,4,2021-08-14,8
HSG-01787,Pia Wadjari,Mid West,6,2022-09-27,6
HSG-01788,Beagle Bay,Kimberley,2,2022-12-24,6
HSG-01789,Warmun,Kimberley,3,2006-10-18,4
HSG-01790,Coonana,Goldfields,3,2004-05-06,4
HSG-01791,Carnarvon Reserve,Gascoyne,10,2019-01-09,8
HSG-01792,Yandeyarra,Pilbara,9,2011-08-31,3
HSG-01793,Yulga Jinna,Mid West,5,2011-09-13,3
HSG-01794,Mungullah,Mid West,3,1998-12-25,4
HSG-01795,Carnarvon Reserve,Gascoyne,8,2014-11-10,5
HSG-01796,Wakathuni,Pilbara,7,2014-11-16,7
HSG-01797,Coonana,Goldfields,10,2004-12-09,3
HSG-01798,Tjuntjuntjara,Goldfields,8,2011-08-19,8
HSG-01799,Beagle Bay,Kimberley,3,2011-11-02,7
HSG-01800,Pia Wadjari,Mid West,6,2020-10-25,5
HSG-01801,Mungullah,Mid West,3,1995-08-04,4
HSG-01802,Beagle Bay,Kimberley,10,2019-12-27,6
HSG-01803,Yulga Jinna,Mid West,7,2004-05-01,4
HSG-01804,Burringurrah,Gascoyne,3,2024-05-26,7
HSG-01805,Yulga Jinna,Mid West,2,2017-10-31,5
HSG-01806,Wakathuni,Pilbara,5,2022-02-17,6
HSG-01807,Wakathuni,Pilbara,5,2016-08-21,6
HSG-01808,Mungullah,Mid West,7,2016-08-05,7
HSG-01809,Tjuntjuntjara,Goldfields,3,2012-02-08,5
HSG-01810,Ardyaloon,Kimberley,8,2022-01-16,7
HSG-01811,Wongatha Wonganarra,Goldfields,2,2011-03-31,6
HSG-01812,Tjuntjuntjara,Goldfields,1,2020-09-21,6
HSG-01813,Yandeyarra,Pilbara,9,2011-01-12,4
HSG-01814,Mungullah,Mid West,3,2014-08-08,7
HSG-01815,Yulga Jinna,Mid West,2,2001-01-23,4
HSG-01816,Yulga Jinna,Mid West,6,2010-11-23,4
HSG-01817,Carnarvon Reserve,Gascoyne,4,2018-03-09,7
HSG-01818,Carnarvon Reserve,Gascoyne,6,2021-12-18,6
HSG-01819,Yulga Jinna,Mid West,4,2021-11-29,6
HSG-01820,Yandeyarra,Pilbara,5,2017-11-28,6
HSG-01821,Yulga Jinna,Mid West,4,2015-05-08,5
HSG-01822,Tjuntjuntjara,Goldfields,3,2023-09-09,5
HSG-01823,Jigalong,Pilbara,3,2010-07-31,3
HSG-01824,Cheeditha,Pilbara,6,2015-06-16,6
HSG-01825,Tjuntjuntjara,Goldfields,7,2015-04-13,5
HSG-01826,Burringurrah,Gascoyne,6,2022-05-24,6
HSG-01827,Cheeditha,Pilbara,6,2002-09-29,4
HSG-01828,Pia Wadjari,Mid West,5,2021-04-08,6
HSG-01829,Jigalong,Pilbara,5,1998-02-12,2
HSG-01830,Yandeyarra,Pilbara,5,2012-10-09,9
HSG-01831,Ardyaloon,Kimberley,4,2010-05-25,4
HSG-01832,Pia Wadjari,Mid West,6,2016-06-12,6
HSG-01833,Coonana,Goldfields,8,1999-08-04,3
HSG-01834,Burringurrah,Gascoyne,7,2020-06-01,7
HSG-01835,Coonana,Goldfields,5,2023-02-06,6
HSG-01836,Jigalong,Pilbara,7,2018-12-25,7
HSG-01837,Jigalong,Pilbara,2,2022-04-20,7
HSG-01838,Yulga Jinna,Mid West,5,2023-04-21,6
HSG-01839,Warmun,Kimberley,5,2013-05-11,5
HSG-01840,Yandeyarra,Pilbara,8,2024-06-26,5
HSG-01841,Carnarvon Reserve,Gascoyne,3,2011-04-03,5
HSG-01842,Coonana,Goldfields,5,2023-12-27,8
HSG-01843,Ardyaloon,Kimberley,6,2010-07-29,4
HSG-01844,Jigalong,Pilbara,10,2020-06-21,6
HSG-01845,Coonana,Goldfields,8,2024-03-16,5
HSG-01846,Wongatha Wonganarra,Goldfields,6,2014-12-03,7
HSG-01847,Jigalong,Pilbara,8,2024-04-09,7
HSG-01848,Carnarvon Reserve,Gascoyne,7,2020-02-22,5
HSG-01849,Coonana,Goldfields,4,2026-04-09,6
HSG-01850,Wakathuni,Pilbara,7,2014-06-09,5
HSG-01851,Carnarvon Reserve,Gascoyne,7,2011-06-23,8
HSG-01852,Beagle Bay,Kimberley,3,2002-11-22,4
HSG-01853,Mungullah,Mid West,5,2018-11-04,6
HSG-01854,Bidyadanga,Kimberley,4,2022-10-04,8
HSG-01855,Kalumburu,Kimberley,6,2021-09-19,6
HSG-01856,Wongatha Wonganarra,Goldfields,2,2004-08-22,3
HSG-01857,Ardyaloon,Kimberley,6,2003-09-25,2
HSG-01858,Warmun,Kimberley,7,2016-10-10,5
HSG-01859,Burringurrah,Gascoyne,10,2012-02-07,10
HSG-01860,Burringurrah,Gascoyne,5,2016-10-24,5
HSG-01861,Yandeyarra,Pilbara,7,2010-06-20,9
HSG-01862,Coonana,Goldfields,1,2013-06-21,2
HSG-01863,Yulga Jinna,Mid West,4,2022-11-09,7
HSG-01864,Yulga Jinna,Mid West,6,2024-03-29,7
HSG-01865,Wakathuni,Pilbara,2,2001-06-14,1
HSG-01866,Carnarvon Reserve,Gascoyne,7,2009-04-30,4
HSG-01867,Coonana,Goldfields,1,2016-02-19,6
HSG-01868,Burringurrah,Gascoyne,7,2023-01-31,5
HSG-01869,Yulga Jinna,Mid West,4,2011-01-11,5
HSG-01870,Burringurrah,Gascoyne,4,2001-12-04,3
HSG-01871,Yulga Jinna,Mid West,3,2013-09-26,6
HSG-01872,Burringurrah,Gascoyne,6,2021-10-10,6
HSG-01873,Ardyaloon,Kimberley,3,2017-09-23,5
HSG-01874,Mungullah,Mid West,1,2022-05-15,6
HSG-01875,Ardyaloon,Kimberley,8,2011-09-20,3
HSG-01876,Beagle Bay,Kimberley,4,2013-07-27,6
HSG-01877,Coonana,Goldfields,8,2016-07-17,5
HSG-01878,Carnarvon Reserve,Gascoyne,3,2011-06-29,2
HSG-01879,Burringurrah,Gascoyne,5,2012-02-19,9
HSG-01880,Wongatha Wonganarra,Goldfields,6,2010-09-24,5
HSG-01881,Burringurrah,Gascoyne,6,2015-08-29,5
HSG-01882,Carnarvon Reserve,Gascoyne,3,2024-10-21,7
HSG-01883,Warmun,Kimberley,5,2011-12-23,6
HSG-01884,Pia Wadjari,Mid West,3,2012-05-14,8
HSG-01885,Beagle Bay,Kimberley,6,2016-06-04,5
HSG-01886,Wakathuni,Pilbara,7,2013-03-25,5
HSG-01887,Wongatha Wonganarra,Goldfields,3,2001-09-28,4
HSG-01888,Kalumburu,Kimberley,1,2010-06-30,6
HSG-01889,Burringurrah,Gascoyne,1,1998-08-22,3
HSG-01890,Yandeyarra,Pilbara,1,2014-01-18,5
HSG-01891,Yulga Jinna,Mid West,5,2013-07-21,5
HSG-01892,Tjuntjuntjara,Goldfields,3,2004-05-03,3
HSG-01893,Kalumburu,Kimberley,6,2025-03-25,5
HSG-01894,Tjuntjuntjara,Goldfields,6,1996-05-23,4
HSG-01895,Tjuntjuntjara,Goldfields,5,2022-10-23,8
HSG-01896,Tjuntjuntjara,Goldfields,6,2012-12-04,5
HSG-01897,Beagle Bay,Kimberley,6,2019-01-31,5
HSG-01898,Wongatha Wonganarra,Goldfields,5,2023-06-12,5
HSG-01899,Bidyadanga,Kimberley,5,2022-12-09,6
HSG-01900,Yandeyarra,Pilbara,3,1996-12-21,4
HSG-01901,Warmun,Kimberley,2,2000-08-18,3
HSG-01902,Burringurrah,Gascoyne,2,2018-05-21,6
HSG-01903,Yulga Jinna,Mid West,3,2025-12-18,6
HSG-01904,Yulga Jinna,Mid West,5,2001-12-21,2
HSG-01905,Carnarvon Reserve,Gascoyne,6,2011-04-12,7
HSG-01906,Cheeditha,Pilbara,3,2010-09-18,6
HSG-01907,Coonana,Goldfields,3,2016-11-26,6
HSG-01908,Mungullah,Mid West,2,1998-07-15,2
HSG-01909,Kalumburu,Kimberley,4,2020-01-04,5
HSG-01910,Coonana,Goldfields,4,2004-08-14,3
HSG-01911,Mungullah,Mid West,4,2023-08-07,6
HSG-01912,Kalumburu,Kimberley,5,2016-01-13,6
HSG-01913,Kalumburu,Kimberley,4,2010-10-27,8
HSG-01914,Cheeditha,Pilbara,2,2023-07-01,6
HSG-01915,Wongatha Wonganarra,Goldfields,8,2016-10-22,6
HSG-01916,Burringurrah,Gascoyne,5,2019-10-31,5
HSG-01917,Pia Wadjari,Mid West,7,1997-10-16,3
HSG-01918,Carnarvon Reserve,Gascoyne,3,2025-07-12,5
HSG-01919,Carnarvon Reserve,Gascoyne,8,2011-02-13,6
HSG-01920,Pia Wadjari,Mid West,3,2012-08-16,5
HSG-01921,Kalumburu,Kimberley,4,2007-11-29,4
HSG-01922,Mungullah,Mid West,7,2007-03-18,3
HSG-01923,Tjuntjuntjara,Goldfields,9,2012-12-20,7
HSG-01924,Beagle Bay,Kimberley,7,2013-01-16,5
HSG-01925,Wongatha Wonganarra,Goldfields,5,2009-01-22,3
HSG-01926,Carnarvon Reserve,Gascoyne,4,2014-01-30,6
HSG-01927,Beagle Bay,Kimberley,8,2008-05-19,4
HSG-01928,Cheeditha,Pilbara,4,2011-09-27,5
HSG-01929,Burringurrah,Gascoyne,2,2012-07-05,7
HSG-01930,Beagle Bay,Kimberley,3,2021-01-11,5
HSG-01931,Yandeyarra,Pilbara,4,2006-01-12,4
HSG-01932,Carnarvon Reserve,Gascoyne,5,2024-09-23,5
HSG-01933,Ardyaloon,Kimberley,4,2011-12-24,4
HSG-01934,Burringurrah,Gascoyne,6,2023-11-03,8
HSG-01935,Wongatha Wonganarra,Goldfields,5,2023-11-08,7
HSG-01936,Jigalong,Pilbara,2,2022-08-11,6
HSG-01937,Carnarvon Reserve,Gascoyne,3,1997-06-30,3
HSG-01938,Burringurrah,Gascoyne,3,2011-04-17,8
HSG-01939,Yandeyarra,Pilbara,7,2015-12-15,6
HSG-01940,Burringurrah,Gascoyne,2,2018-10-27,5
HSG-01941,Jigalong,Pilbara,6,2023-03-02,6
HSG-01942,Cheeditha,Pilbara,1,1999-11-08,4
HSG-01943,Wongatha Wonganarra,Goldfields,5,2024-09-20,6
HSG-01944,Burringurrah,Gascoyne,1,2022-12-19,5
HSG-01945,Burringurrah,Gascoyne,5,2010-06-18,7
HSG-01946,Cheeditha,Pilbara,7,2021-11-26,7
HSG-01947,Yulga Jinna,Mid West,3,2002-12-29,2
HSG-01948,Kalumburu,Kimberley,4,2024-06-24,7
HSG-01949,Beagle Bay,Kimberley,8,2017-08-22,7
HSG-01950,Pia Wadjari,Mid West,6,2014-06-16,6
HSG-01951,Kalumburu,Kimberley,4,2018-10-17,5
HSG-01952,Mungullah,Mid West,9,2002-01-25,4
HSG-01953,Coonana,Goldfields,9,2018-12-30,5
HSG-01954,Jigalong,Pilbara,8,1999-07-17,3
HSG-01955,Wongatha Wonganarra,Goldfields,6,2001-05-18,4
HSG-01956,Coonana,Goldfields,2,2010-10-04,6
HSG-01957,Pia Wadjari,Mid West,7,2001-04-14,4
HSG-01958,Cheeditha,Pilbara,2,2023-12-01,5
HSG-01959,Yulga Jinna,Mid West,5,2015-10-12,6
HSG-01960,Ardyaloon,Kimberley,7,2020-07-12,5
HSG-01961,Yulga Jinna,Mid West,9,2022-05-29,6
HSG-01962,Mungullah,Mid West,4,2004-12-25,3
HSG-01963,Carnarvon Reserve,Gascoyne,4,2023-03-11,5
HSG-01964,Jigalong,Pilbara,7,2012-12-20,6
HSG-01965,Pia Wadjari,Mid West,2,2022-01-17,6
HSG-01966,Cheeditha,Pilbara,6,2017-02-19,8
HSG-01967,Warmun,Kimberley,7,2015-02-28,7
HSG-01968,Pia Wadjari,Mid West,5,2019-05-21,6
HSG-01969,Kalumburu,Kimberley,8,2007-04-19,3
HSG-01970,Mungullah,Mid West,4,2005-06-09,4
HSG-01971,Yandeyarra,Pilbara,6,2013-07-20,8
HSG-01972,Yulga Jinna,Mid West,4,2006-03-19,1
HSG-01973,Bidyadanga,Kimberley,4,2020-08-13,7
HSG-01974,Ardyaloon,Kimberley,6,2012-10-12,6
HSG-01975,Mungullah,Mid West,4,2007-02-19,3
HSG-01976,Cheeditha,Pilbara,6,2004-09-23,4
HSG-01977,Mungullah,Mid West,10,2013-02-16,7
HSG-01978,Carnarvon Reserve,Gascoyne,4,2004-06-22,4
HSG-01979,Wakathuni,Pilbara,5,2020-11-02,5
HSG-01980,Yandeyarra,Pilbara,7,2017-01-17,6
HSG-01981,Wakathuni,Pilbara,3,2018-11-23,9
HSG-01982,Burringurrah,Gascoyne,5,2024-05-24,7
HSG-01983,Mungullah,Mid West,4,2015-06-12,6
HSG-01984,Yulga Jinna,Mid West,6,2007-11-19,2
HSG-01985,Yulga Jinna,Mid West,9,2018-04-24,8
HSG-01986,Kalumburu,Kimberley,4,2013-05-06,4
HSG-01987,Coonana,Goldfields,6,2010-12-03,6
HSG-01988,Carnarvon Reserve,Gascoyne,6,2026-01-20,6
HSG-01989,Burringurrah,Gascoyne,6,2016-11-10,8
HSG-01990,Coonana,Goldfields,6,1997-05-15,4
HSG-01991,Carnarvon Reserve,Gascoyne,8,2018-03-06,8
HSG-01992,Burringurrah,Gascoyne,10,2003-10-08,3
HSG-01993,Yandeyarra,Pilbara,6,2003-06-06,2
HSG-01994,Burringurrah,Gascoyne,6,2022-01-17,5
HSG-01995,Bidyadanga,Kimberley,9,2013-03-28,4
HSG-01996,Pia Wadjari,Mid West,1,2014-10-24,5
HSG-01997,Tjuntjuntjara,Goldfields,1,2017-09-09,7
HSG-01998,Tjuntjuntjara,Goldfields,1,2020-12-20,6
HSG-01999,Mungullah,Mid West,1,2012-05-05,5
HSG-02000,Jigalong,Pilbara,9,2025-02-01,6
HSG-02001,Yandeyarra,Pilbara,3,2011-01-20,5
HSG-02002,Wakathuni,Pilbara,5,2013-04-03,6
HSG-02003,Mungullah,Mid West,2,2011-12-02,7
HSG-02004,Burringurrah,Gascoyne,1,1999-09-26,4
HSG-02005,Beagle Bay,Kimberley,4,2022-12-03,7
HSG-02006,Beagle Bay,Kimberley,5,2005-03-03,3
HSG-02007,Cheeditha,Pilbara,3,2019-08-06,6
HSG-02008,Kalumburu,Kimberley,5,1996-03-05,4
HSG-02009,Mungullah,Mid West,4,2018-09-18,7
HSG-02010,Bidyadanga,Kimberley,4,2026-01-04,5
HSG-02011,Warmun,Kimberley,10,2002-08-06,3
HSG-02012,Bidyadanga,Kimberley,1,2022-05-16,7
HSG-02013,Warmun,Kimberley,4,2010-10-13,5
HSG-02014,Wongatha Wonganarra,Goldfields,3,2025-12-12,5
HSG-02015,Kalumburu,Kimberley,9,2011-12-18,7
HSG-02016,Carnarvon Reserve,Gascoyne,7,2008-05-09,3
HSG-02017,Tjuntjuntjara,Goldfields,2,2013-04-26,1
HSG-02018,Burringurrah,Gascoyne,3,2023-11-07,7
HSG-02019,Coonana,Goldfields,6,2018-11-08,5
HSG-02020,Ardyaloon,Kimberley,5,2008-03-11,4
HSG-02021,Pia Wadjari,Mid West,5,2016-07-04,7
HSG-02022,Yandeyarra,Pilbara,1,2016-09-22,6
HSG-02023,Yulga Jinna,Mid West,7,2016-06-15,5
HSG-02024,Carnarvon Reserve,Gascoyne,7,2014-06-26,10
HSG-02025,Bidyadanga,Kimberley,5,2019-09-23,6
HSG-02026,Pia Wadjari,Mid West,3,2011-01-16,6
HSG-02027,Burringurrah,Gascoyne,6,2023-10-26,6
HSG-02028,Wongatha Wonganarra,Goldfields,3,2020-10-20,6
HSG-02029,Mungullah,Mid West,8,2024-09-09,6
HSG-02030,Tjuntjuntjara,Goldfields,7,2018-07-04,5
HSG-02031,Wakathuni,Pilbara,7,2024-01-02,6
HSG-02032,Pia Wadjari,Mid West,3,2023-09-28,6
HSG-02033,Coonana,Goldfields,3,2009-06-17,4
HSG-02034,Coonana,Goldfields,5,2013-01-01,6
HSG-02035,Carnarvon Reserve,Gascoyne,2,2024-05-06,7
HSG-02036,Carnarvon Reserve,Gascoyne,6,1997-10-31,4
HSG-02037,Mungullah,Mid West,2,2011-06-29,5
HSG-02038,Burringurrah,Gascoyne,4,2015-01-22,6
HSG-02039,Carnarvon Reserve,Gascoyne,4,1998-05-28,2
HSG-02040,Warmun,Kimberley,4,2021-02-26,5
HSG-02041,Mungullah,Mid West,6,2011-11-01,4
HSG-02042,Tjuntjuntjara,Goldfields,9,1995-10-17,2
HSG-02043,Yulga Jinna,Mid West,8,2017-12-08,5
HSG-02044,Jigalong,Pilbara,7,2021-04-20,6
HSG-02045,Burringurrah,Gascoyne,8,2022-10-20,5
HSG-02046,Carnarvon Reserve,Gascoyne,3,2025-11-08,8
HSG-02047,Ardyaloon,Kimberley,5,2020-06-29,6
HSG-02048,Pia Wadjari,Mid West,8,2001-07-03,4
HSG-02049,Burringurrah,Gascoyne,6,2004-07-22,4
HSG-02050,Burringurrah,Gascoyne,5,2013-12-29,6
HSG-02051,Beagle Bay,Kimberley,2,2010-05-26,4
HSG-02052,Yandeyarra,Pilbara,8,2025-06-07,7
HSG-02053,Yandeyarra,Pilbara,5,2019-09-27,6
HSG-02054,Jigalong,Pilbara,4,2012-07-16,8
HSG-02055,Carnarvon Reserve,Gascoyne,5,2023-12-27,6
HSG-02056,Mungullah,Mid West,8,1998-11-01,4
HSG-02057,Ardyaloon,Kimberley,8,2009-03-16,3
HSG-02058,Pia Wadjari,Mid West,9,2011-05-23,5
HSG-02059,Yulga Jinna,Mid West,4,2007-02-20,2
HSG-02060,Wongatha Wonganarra,Goldfields,4,2002-05-09,4
HSG-02061,Coonana,Goldfields,4,2022-07-12,5
HSG-02062,Pia Wadjari,Mid West,7,2010-08-10,6
HSG-02063,Burringurrah,Gascoyne,6,2012-09-25,4
HSG-02064,Pia Wadjari,Mid West,3,2011-02-04,9
HSG-02065,Kalumburu,Kimberley,3,2025-10-25,8
HSG-02066,Burringurrah,Gascoyne,4,2024-01-13,6
HSG-02067,Pia Wadjari,Mid West,7,2022-09-19,8
HSG-02068,Burringurrah,Gascoyne,5,2011-06-10,5
HSG-02069,Mungullah,Mid West,5,2021-01-03,6
HSG-02070,Wakathuni,Pilbara,7,2014-10-20,6
HSG-02071,Jigalong,Pilbara,6,2015-07-28,8
HSG-02072,Mungullah,Mid West,6,2016-06-01,6
HSG-02073,Pia Wadjari,Mid West,2,2002-10-06,1
HSG-02074,Jigalong,Pilbara,6,2016-06-12,5
HSG-02075,Warmun,Kimberley,4,2022-03-03,6
HSG-02076,Jigalong,Pilbara,5,2011-04-12,8
HSG-02077,Pia Wadjari,Mid West,5,2005-02-03,4
HSG-02078,Yandeyarra,Pilbara,7,2025-11-27,5
HSG-02079,Tjuntjuntjara,Goldfields,6,2021-03-02,5
HSG-02080,Carnarvon Reserve,Gascoyne,4,2023-12-09,6
HSG-02081,Mungullah,Mid West,5,2019-03-31,6
HSG-02082,Carnarvon Reserve,Gascoyne,4,1999-01-24,2
HSG-02083,Tjuntjuntjara,Goldfields,4,2024-08-17,7
HSG-02084,Coonana,Goldfields,4,2022-06-03,5
HSG-02085,Warmun,Kimberley,7,2000-04-09,4
HSG-02086,Kalumburu,Kimberley,2,2022-08-16,5
HSG-02087,Kalumburu,Kimberley,4,2011-03-09,4
HSG-02088,Beagle Bay,Kimberley,5,2015-03-13,6
HSG-02089,Wongatha Wonganarra,Goldfields,5,2011-09-16,6
HSG-02090,Yulga Jinna,Mid West,9,2023-03-13,5
HSG-02091,Tjuntjuntjara,Goldfields,6,2022-03-29,5
HSG-02092,Wakathuni,Pilbara,3,2001-06-01,4
HSG-02093,Wakathuni,Pilbara,4,2016-01-06,6
HSG-02094,Carnarvon Reserve,Gascoyne,10,2012-01-17,4
HSG-02095,Wongatha Wonganarra,Goldfields,4,2012-11-29,5
HSG-02096,Jigalong,Pilbara,6,2013-02-05,6
HSG-02097,Wakathuni,Pilbara,8,2000-11-07,1
HSG-02098,Yulga Jinna,Mid West,1,2015-05-17,5
HSG-02099,Mungullah,Mid West,7,2013-09-10,3
HSG-02100,Ardyaloon,Kimberley,1,2015-12-22,7
HSG-02101,Mungullah,Mid West,6,2001-05-04,4
HSG-02102,Mungullah,Mid West,3,2009-08-12,4
HSG-02103,Kalumburu,Kimberley,5,2004-11-01,4
HSG-02104,Yulga Jinna,Mid West,6,1997-01-01,1
HSG-02105,Tjuntjuntjara,Goldfields,3,2014-01-09,3
HSG-02106,Carnarvon Reserve,Gascoyne,4,2013-10-16,5
HSG-02107,Wakathuni,Pilbara,7,2002-07-07,2
HSG-02108,Mungullah,Mid West,5,2017-04-18,7
HSG-02109,Kalumburu,Kimberley,9,2015-11-14,5
HSG-02110,Cheeditha,Pilbara,6,2008-04-16,2
HSG-02111,Burringurrah,Gascoyne,1,2015-07-11,7
HSG-02112,Yandeyarra,Pilbara,5,2025-08-26,8
HSG-02113,Burringurrah,Gascoyne,2,2018-12-27,6
HSG-02114,Yulga Jinna,Mid West,9,2023-04-30,6
HSG-02115,Tjuntjuntjara,Goldfields,6,2015-03-30,6
HSG-02116,Ardyaloon,Kimberley,2,2012-01-01,8
HSG-02117,Carnarvon Reserve,Gascoyne,4,2011-12-11,6
HSG-02118,Jigalong,Pilbara,2,2003-01-02,3
HSG-02119,Wongatha Wonganarra,Goldfields,8,2021-11-18,5
HSG-02120,Carnarvon Reserve,Gascoyne,8,2022-12-14,5
HSG-02121,Carnarvon Reserve,Gascoyne,1,2014-10-12,7
HSG-02122,Beagle Bay,Kimberley,4,2012-11-03,7
HSG-02123,Ardyaloon,Kimberley,5,2012-10-27,3
HSG-02124,Wakathuni,Pilbara,5,2019-10-15,9
HSG-02125,Bidyadanga,Kimberley,6,2013-08-04,5
HSG-02126,Burringurrah,Gascoyne,7,2017-08-05,6
HSG-02127,Yulga Jinna,Mid West,5,2000-10-22,4
HSG-02128,Yulga Jinna,Mid West,6,2013-03-10,7
HSG-02129,Jigalong,Pilbara,3,2010-06-03,8
HSG-02130,Mungullah,Mid West,5,1997-09-08,4
HSG-02131,Beagle Bay,Kimberley,7,2011-10-03,5
HSG-02132,Beagle Bay,Kimberley,7,2015-04-02,5
HSG-02133,Burringurrah,Gascoyne,5,2023-03-30,6
HSG-02134,Wongatha Wonganarra,Goldfields,6,2005-05-14,2
HSG-02135,Carnarvon Reserve,Gascoyne,3,2022-11-21,7
HSG-02136,Tjuntjuntjara,Goldfields,5,2017-01-01,5
HSG-02137,Mungullah,Mid West,2,2010-03-22,4
HSG-02138,Burringurrah,Gascoyne,1,2024-12-24,5
HSG-02139,Coonana,Goldfields,4,2008-09-25,4
HSG-02140,Ardyaloon,Kimberley,5,2015-04-28,6
HSG-02141,Warmun,Kimberley,10,1998-08-16,3
HSG-02142,Wongatha Wonganarra,Goldfields,8,2011-12-12,7
HSG-02143,Pia Wadjari,Mid West,3,2022-03-21,6
HSG-02144,Burringurrah,Gascoyne,4,2011-06-26,6
HSG-02145,Mungullah,Mid West,8,2016-04-16,7
HSG-02146,Burringurrah,Gascoyne,6,2014-02-02,5
HSG-02147,Pia Wadjari,Mid West,2,2024-06-20,5
HSG-02148,Yulga Jinna,Mid West,8,2005-07-08,3
HSG-02149,Beagle Bay,Kimberley,3,2025-08-10,6
HSG-02150,Wongatha Wonganarra,Goldfields,3,2010-07-08,4
HSG-02151,Carnarvon Reserve,Gascoyne,4,2007-07-22,3
HSG-02152,Carnarvon Reserve,Gascoyne,3,2019-09-30,7
HSG-02153,Carnarvon Reserve,Gascoyne,2,2010-06-30,3
HSG-02154,Carnarvon Reserve,Gascoyne,4,2026-01-09,7
HSG-02155,Jigalong,Pilbara,5,2012-04-19,5
HSG-02156,Burringurrah,Gascoyne,5,2001-08-07,2
HSG-02157,Warmun,Kimberley,6,2025-12-06,6
HSG-02158,Mungullah,Mid West,4,2013-05-20,7
HSG-02159,Burringurrah,Gascoyne,3,2014-01-21,8
HSG-02160,Ardyaloon,Kimberley,5,2022-08-26,5
HSG-02161,Cheeditha,Pilbara,5,2022-02-26,5
HSG-02162,Coonana,Goldfields,8,2009-12-27,4
HSG-02163,Yulga Jinna,Mid West,3,2021-04-30,7
HSG-02164,Burringurrah,Gascoyne,4,2021-05-17,7
HSG-02165,Bidyadanga,Kimberley,9,2014-04-12,5
HSG-02166,Coonana,Goldfields,6,2000-12-21,3
HSG-02167,Tjuntjuntjara,Goldfields,7,2023-05-04,6
HSG-02168,Jigalong,Pilbara,6,1996-02-05,4
HSG-02169,Yulga Jinna,Mid West,1,2014-04-04,6
HSG-02170,Coonana,Goldfields,1,2015-10-07,5
HSG-02171,Burringurrah,Gascoyne,7,2023-09-25,6
HSG-02172,Warmun,Kimberley,9,2019-05-22,7
HSG-02173,Wongatha Wonganarra,Goldfields,4,2023-01-24,6
HSG-02174,Carnarvon Reserve,Gascoyne,5,2004-08-17,3
HSG-02175,Pia Wadjari,Mid West,3,2011-07-12,4
HSG-02176,Carnarvon Reserve,Gascoyne,1,2021-11-20,6
HSG-02177,Carnarvon Reserve,Gascoyne,4,2006-09-01,2
HSG-02178,Yulga Jinna,Mid West,6,2012-05-11,7
HSG-02179,Warmun,Kimberley,5,2016-07-01,5
HSG-02180,Yandeyarra,Pilbara,6,2024-09-25,7
HSG-02181,Wongatha Wonganarra,Goldfields,6,2005-06-20,4
HSG-02182,Pia Wadjari,Mid West,6,2019-08-05,8
HSG-02183,Burringurrah,Gascoyne,4,2025-03-08,9
HSG-02184,Carnarvon Reserve,Gascoyne,4,2017-04-16,6
HSG-02185,Yulga Jinna,Mid West,4,2023-03-20,6
HSG-02186,Burringurrah,Gascoyne,1,2013-02-14,5
HSG-02187,Burringurrah,Gascoyne,3,2015-07-11,6
HSG-02188,Wongatha Wonganarra,Goldfields,7,2012-01-14,7
HSG-02189,Cheeditha,Pilbara,1,2016-02-14,9
HSG-02190,Yulga Jinna,Mid West,6,2004-05-26,4
HSG-02191,Yandeyarra,Pilbara,5,2011-05-31,6
HSG-02192,Beagle Bay,Kimberley,4,2012-08-21,6
HSG-02193,Pia Wadjari,Mid West,4,2023-07-02,5
HSG-02194,Kalumburu,Kimberley,3,2013-06-23,3
HSG-02195,Yulga Jinna,Mid West,5,2022-12-01,7
HSG-02196,Yulga Jinna,Mid West,6,2014-11-15,7
HSG-02197,Yandeyarra,Pilbara,6,2022-10-06,5
HSG-02198,Coonana,Goldfields,7,2000-05-31,3
HSG-02199,Yandeyarra,Pilbara,3,2005-06-20,4
HSG-02200,Coonana,Goldfields,7,2023-07-20,7
HSG-02201,Wongatha Wonganarra,Goldfields,6,2019-02-01,7
HSG-02202,Pia Wadjari,Mid West,3,2025-01-06,6
HSG-02203,Yulga Jinna,Mid West,5,2020-05-27,7
HSG-02204,Wakathuni,Pilbara,5,2023-01-08,5
HSG-02205,Burringurrah,Gascoyne,6,2020-08-21,7
HSG-02206,Jigalong,Pilbara,4,2023-08-02,5
HSG-02207,Yandeyarra,Pilbara,3,2010-01-21,1
HSG-02208,Carnarvon Reserve,Gascoyne,5,2018-02-22,7
HSG-02209,Kalumburu,Kimberley,6,2005-06-20,2
HSG-02210,Burringurrah,Gascoyne,4,2013-10-26,2
HSG-02211,Bidyadanga,Kimberley,8,2000-11-08,4
HSG-02212,Coonana,Goldfields,8,2011-09-22,7
HSG-02213,Wongatha Wonganarra,Goldfields,3,2013-02-07,3
HSG-02214,Bidyadanga,Kimberley,6,2000-09-05,4
HSG-02215,Pia Wadjari,Mid West,5,2025-11-10,5
HSG-02216,Cheeditha,Pilbara,1,2011-08-14,1
HSG-02217,Beagle Bay,Kimberley,5,2001-04-27,4
HSG-02218,Jigalong,Pilbara,4,2020-12-13,7
HSG-02219,Coonana,Goldfields,8,2023-05-16,5
HSG-02220,Pia Wadjari,Mid West,4,2025-07-30,6
HSG-02221,Tjuntjuntjara,Goldfields,2,2019-04-06,6
HSG-02222,Mungullah,Mid West,6,2016-05-04,7
HSG-02223,Wongatha Wonganarra,Goldfields,1,2007-04-27,4
HSG-02224,Burringurrah,Gascoyne,3,2022-07-14,6
HSG-02225,Yulga Jinna,Mid West,6,2023-04-17,8
HSG-02226,Ardyaloon,Kimberley,4,2013-12-23,5
HSG-02227,Beagle Bay,Kimberley,8,2024-10-15,6
HSG-02228,Bidyadanga,Kimberley,8,2013-04-29,6
HSG-02229,Ardyaloon,Kimberley,2,1997-05-10,3
HSG-02230,Tjuntjuntjara,Goldfields,2,2014-04-13,7
HSG-02231,Burringurrah,Gascoyne,8,2018-07-29,9
HSG-02232,Carnarvon Reserve,Gascoyne,7,2011-11-18,8
HSG-02233,Pia Wadjari,Mid West,4,2010-12-11,3
HSG-02234,Warmun,Kimberley,7,2015-08-05,6
HSG-02235,Yandeyarra,Pilbara,5,2023-05-24,6
HSG-02236,Carnarvon Reserve,Gascoyne,6,2019-08-11,8
HSG-02237,Cheeditha,Pilbara,8,2014-10-29,6
HSG-02238,Yulga Jinna,Mid West,7,2012-02-27,6
HSG-02239,Jigalong,Pilbara,4,2025-04-29,7
HSG-02240,Cheeditha,Pilbara,2,2012-09-12,7
HSG-02241,Tjuntjuntjara,Goldfields,2,2022-03-16,6
HSG-02242,Pia Wadjari,Mid West,3,2016-01-03,6
HSG-02243,Coonana,Goldfields,5,1997-08-09,3
HSG-02244,Yandeyarra,Pilbara,6,2006-09-17,4
HSG-02245,Carnarvon Reserve,Gascoyne,7,2012-12-07,6
HSG-02246,Jigalong,Pilbara,6,2008-04-28,4
HSG-02247,Coonana,Goldfields,4,2010-06-12,5
HSG-02248,Yulga Jinna,Mid West,7,2015-08-09,9
HSG-02249,Burringurrah,Gascoyne,3,2016-10-29,7
HSG-02250,Coonana,Goldfields,1,2010-10-13,3
HSG-02251,Warmun,Kimberley,3,2007-06-02,3
HSG-02252,Jigalong,Pilbara,2,2011-07-18,6
HSG-02253,Jigalong,Pilbara,5,2010-12-15,6
HSG-02254,Mungullah,Mid West,7,2014-02-27,6
HSG-02255,Bidyadanga,Kimberley,6,2026-04-22,5
HSG-02256,Coonana,Goldfields,2,2023-03-19,7
HSG-02257,Tjuntjuntjara,Goldfields,4,2007-07-15,4
HSG-02258,Burringurrah,Gascoyne,5,2013-05-17,4
HSG-02259,Jigalong,Pilbara,4,2017-03-03,6
HSG-02260,Cheeditha,Pilbara,6,2008-12-11,4
HSG-02261,Carnarvon Reserve,Gascoyne,4,2021-02-19,7
HSG-02262,Beagle Bay,Kimberley,6,2018-04-10,9
HSG-02263,Beagle Bay,Kimberley,8,2013-07-01,8
HSG-02264,Bidyadanga,Kimberley,2,2019-12-26,7
HSG-02265,Mungullah,Mid West,5,2014-11-23,5
HSG-02266,Wakathuni,Pilbara,5,2024-03-30,7
HSG-02267,Jigalong,Pilbara,6,2008-02-25,4
HSG-02268,Burringurrah,Gascoyne,7,2002-12-24,4
HSG-02269,Burringurrah,Gascoyne,5,2019-05-08,5
HSG-02270,Carnarvon Reserve,Gascoyne,5,2017-03-16,7
HSG-02271,Coonana,Goldfields,3,2024-07-11,9
HSG-02272,Coonana,Goldfields,1,1997-08-10,4
HSG-02273,Mungullah,Mid West,6,2023-10-02,7
HSG-02274,Carnarvon Reserve,Gascoyne,5,2020-09-12,5
HSG-02275,Yulga Jinna,Mid West,6,2014-09-19,5
HSG-02276,Burringurrah,Gascoyne,8,2020-12-17,7
HSG-02277,Wongatha Wonganarra,Goldfields,7,1998-09-25,4
HSG-02278,Pia Wadjari,Mid West,5,2013-07-10,5
HSG-02279,Carnarvon Reserve,Gascoyne,3,2020-02-08,6
HSG-02280,Wakathuni,Pilbara,4,2018-11-10,7
HSG-02281,Cheeditha,Pilbara,3,2012-11-20,9
HSG-02282,Carnarvon Reserve,Gascoyne,3,2015-01-22,6
HSG-02283,Carnarvon Reserve,Gascoyne,7,2010-04-20,4
HSG-02284,Tjuntjuntjara,Goldfields,7,1997-12-07,3
HSG-02285,Yandeyarra,Pilbara,8,2011-09-13,6
HSG-02286,Burringurrah,Gascoyne,4,2012-10-14,5
HSG-02287,Pia Wadjari,Mid West,7,2000-11-28,4
HSG-02288,Pia Wadjari,Mid West,3,2017-11-17,5
HSG-02289,Beagle Bay,Kimberley,2,2012-02-03,9
HSG-02290,Wongatha Wonganarra,Goldfields,4,2023-11-28,7
HSG-02291,Bidyadanga,Kimberley,5,1997-09-16,4
HSG-02292,Carnarvon Reserve,Gascoyne,5,2018-02-04,7
HSG-02293,Ardyaloon,Kimberley,5,2023-11-27,8
HSG-02294,Kalumburu,Kimberley,7,2019-12-12,7
HSG-02295,Cheeditha,Pilbara,4,2005-12-31,4
HSG-02296,Coonana,Goldfields,4,2021-08-25,6
HSG-02297,Coonana,Goldfields,6,2005-01-10,2
HSG-02298,Tjuntjuntjara,Goldfields,5,2013-08-09,6
HSG-02299,Warmun,Kimberley,4,2021-11-08,8
HSG-02300,Jigalong,Pilbara,6,2019-10-01,8
HSG-02301,Wakathuni,Pilbara,5,2011-12-10,7
HSG-02302,Bidyadanga,Kimberley,9,2019-10-24,8
HSG-02303,Mungullah,Mid West,3,2011-10-15,5
HSG-02304,Carnarvon Reserve,Gascoyne,4,2015-03-22,6
HSG-02305,Carnarvon Reserve,Gascoyne,7,2005-05-30,4
HSG-02306,Yulga Jinna,Mid West,5,2002-12-13,2
HSG-02307,Wakathuni,Pilbara,8,2012-06-15,5
HSG-02308,Yulga Jinna,Mid West,5,2016-12-16,5
HSG-02309,Carnarvon Reserve,Gascoyne,8,1996-05-20,1
HSG-02310,Jigalong,Pilbara,5,2015-08-15,5
HSG-02311,Burringurrah,Gascoyne,4,2014-02-17,9
HSG-02312,Mungullah,Mid West,3,2014-02-25,7
HSG-02313,Mungullah,Mid West,6,2015-08-14,8
HSG-02314,Yulga Jinna,Mid West,4,2005-04-17,4
HSG-02315,Yandeyarra,Pilbara,7,2021-05-14,6
HSG-02316,Burringurrah,Gascoyne,2,2026-02-23,5
HSG-02317,Yandeyarra,Pilbara,6,2014-01-07,7
HSG-02318,Jigalong,Pilbara,4,2004-07-01,1
HSG-02319,Carnarvon Reserve,Gascoyne,6,2000-05-06,3
HSG-02320,Wongatha Wonganarra,Goldfields,1,2014-03-06,1
HSG-02321,Tjuntjuntjara,Goldfields,7,2014-03-13,6
HSG-02322,Beagle Bay,Kimberley,5,2012-09-30,8
HSG-02323,Warmun,Kimberley,6,2020-03-25,8
HSG-02324,Cheeditha,Pilbara,2,2012-06-03,5
HSG-02325,Mungullah,Mid West,1,2016-08-04,5
HSG-02326,Wakathuni,Pilbara,4,2018-02-17,7
HSG-02327,Beagle Bay,Kimberley,5,2012-04-30,7
HSG-02328,Yulga Jinna,Mid West,7,2018-09-04,9
HSG-02329,Wongatha Wonganarra,Goldfields,4,1998-10-13,4
HSG-02330,Yulga Jinna,Mid West,6,2013-04-16,4
HSG-02331,Wongatha Wonganarra,Goldfields,8,2011-12-07,5
HSG-02332,Tjuntjuntjara,Goldfields,4,2020-10-30,5
HSG-02333,Jigalong,Pilbara,7,2012-10-10,5
HSG-02334,Yulga Jinna,Mid West,4,2020-06-07,8
HSG-02335,Carnarvon Reserve,Gascoyne,3,2013-06-09,6
HSG-02336,Beagle Bay,Kimberley,6,2009-01-13,3
HSG-02337,Burringurrah,Gascoyne,6,2011-06-10,4
HSG-02338,Wakathuni,Pilbara,7,2000-08-25,4
HSG-02339,Bidyadanga,Kimberley,7,2024-04-06,7
HSG-02340,Burringurrah,Gascoyne,7,2012-10-14,6
HSG-02341,Cheeditha,Pilbara,4,2007-09-17,4
HSG-02342,Warmun,Kimberley,8,2014-04-25,4
HSG-02343,Pia Wadjari,Mid West,3,2015-11-09,7
HSG-02344,Wakathuni,Pilbara,3,2013-05-27,4
HSG-02345,Coonana,Goldfields,2,2021-12-14,5
HSG-02346,Pia Wadjari,Mid West,5,2012-04-28,6
HSG-02347,Kalumburu,Kimberley,7,2018-10-19,6
HSG-02348,Wakathuni,Pilbara,5,2018-03-10,5
HSG-02349,Yandeyarra,Pilbara,6,2023-03-01,8
HSG-02350,Coonana,Goldfields,5,2014-03-07,5
HSG-02351,Ardyaloon,Kimberley,3,2006-03-17,3
HSG-02352,Pia Wadjari,Mid West,6,2021-02-09,7
HSG-02353,Kalumburu,Kimberley,6,2019-10-17,5
HSG-02354,Kalumburu,Kimberley,8,2022-11-12,5
HSG-02355,Tjuntjuntjara,Goldfields,7,2024-07-27,5
HSG-02356,Ardyaloon,Kimberley,4,2014-02-18,7
HSG-02357,Cheeditha,Pilbara,6,2019-02-18,6
HSG-02358,Ardyaloon,Kimberley,5,2013-05-18,5
HSG-02359,Bidyadanga,Kimberley,10,2019-06-17,8
HSG-02360,Beagle Bay,Kimberley,7,2022-06-24,6
HSG-02361,Jigalong,Pilbara,7,2024-10-29,6
HSG-02362,Carnarvon Reserve,Gascoyne,5,2015-12-18,5
HSG-02363,Carnarvon Reserve,Gascoyne,5,2007-08-30,1
HSG-02364,Pia Wadjari,Mid West,5,2023-02-01,5
HSG-02365,Yandeyarra,Pilbara,9,2014-12-18,6
HSG-02366,Yandeyarra,Pilbara,2,2013-07-02,5
HSG-02367,Coonana,Goldfields,3,2014-02-13,6
HSG-02368,Mungullah,Mid West,6,2023-06-28,7
HSG-02369,Wongatha Wonganarra,Goldfields,3,2015-05-10,6
HSG-02370,Beagle Bay,Kimberley,2,2012-12-29,7
HSG-02371,Burringurrah,Gascoyne,6,2022-05-31,6
HSG-02372,Carnarvon Reserve,Gascoyne,5,2018-04-13,6
HSG-02373,Burringurrah,Gascoyne,9,2013-06-19,5
HSG-02374,Cheeditha,Pilbara,5,2008-07-12,4
HSG-02375,Wongatha Wonganarra,Goldfields,3,2011-04-29,6
HSG-02376,Coonana,Goldfields,7,2011-11-19,5
HSG-02377,Carnarvon Reserve,Gascoyne,4,2026-01-30,5
HSG-02378,Kalumburu,Kimberley,4,2022-12-23,6
HSG-02379,Wakathuni,Pilbara,2,2018-07-18,8
HSG-02380,Ardyaloon,Kimberley,4,2021-11-20,7
HSG-02381,Pia Wadjari,Mid West,2,2020-03-14,7
HSG-02382,Mungullah,Mid West,6,2025-01-28,6
HSG-02383,Burringurrah,Gascoyne,3,2016-03-24,6
HSG-02384,Tjuntjuntjara,Goldfields,2,2024-09-05,5
HSG-02385,Yulga Jinna,Mid West,7,2017-05-19,7
HSG-02386,Cheeditha,Pilbara,5,2004-01-31,4
HSG-02387,Yandeyarra,Pilbara,6,2018-06-14,6
HSG-02388,Wakathuni,Pilbara,1,2016-02-28,7
HSG-02389,Yulga Jinna,Mid West,5,2026-04-26,8
HSG-02390,Mungullah,Mid West,3,2008-05-07,1
HSG-02391,Jigalong,Pilbara,6,2022-04-14,6
HSG-02392,Jigalong,Pilbara,1,2006-09-17,4
HSG-02393,Warmun,Kimberley,10,2011-12-25,5
HSG-02394,Jigalong,Pilbara,7,2006-10-29,4
HSG-02395,Jigalong,Pilbara,1,2017-01-05,5
HSG-02396,Burringurrah,Gascoyne,4,2020-01-12,5
HSG-02397,Mungullah,Mid West,5,2014-11-10,6
HSG-02398,Mungullah,Mid West,5,1998-10-23,3
HSG-02399,Yulga Jinna,Mid West,6,2001-03-17,2
HSG-02400,Mungullah,Mid West,1,2013-10-26,7
HSG-02401,Bidyadanga,Kimberley,6,2021-08-20,5
HSG-02402,Cheeditha,Pilbara,2,2001-10-10,4
HSG-02403,Tjuntjuntjara,Goldfields,4,2004-11-23,3
HSG-02404,Burringurrah,Gascoyne,3,2023-12-11,7
HSG-02405,Wakathuni,Pilbara,8,2020-03-12,5
HSG-02406,Yandeyarra,Pilbara,7,2013-09-18,2
HSG-02407,Tjuntjuntjara,Goldfields,6,2001-11-04,4
HSG-02408,Yulga Jinna,Mid West,6,2014-11-17,5
HSG-02409,Pia Wadjari,Mid West,8,1996-04-30,4
HSG-02410,Mungullah,Mid West,6,2022-11-14,5
HSG-02411,Carnarvon Reserve,Gascoyne,5,2019-10-20,5
HSG-02412,Wongatha Wonganarra,Goldfields,3,2014-09-14,5
HSG-02413,Yulga Jinna,Mid West,5,2014-06-10,6
HSG-02414,Warmun,Kimberley,5,2013-01-26,7
HSG-02415,Wakathuni,Pilbara,7,2012-11-28,4
HSG-02416,Beagle Bay,Kimberley,7,2005-07-29,3
HSG-02417,Yulga Jinna,Mid West,6,2022-01-20,7
HSG-02418,Jigalong,Pilbara,1,2026-03-31,6
HSG-02419,Warmun,Kimberley,4,2001-06-08,4
HSG-02420,Carnarvon Reserve,Gascoyne,8,1998-03-01,4
HSG-02421,Mungullah,Mid West,3,2013-01-23,6
HSG-02422,Wongatha Wonganarra,Goldfields,7,2013-08-05,5
HSG-02423,Wongatha Wonganarra,Goldfields,8,2013-04-17,6
HSG-02424,Kalumburu,Kimberley,1,2015-03-20,5
HSG-02425,Wongatha Wonganarra,Goldfields,4,2019-11-09,6
HSG-02426,Coonana,Goldfields,1,2020-09-21,10
HSG-02427,Ardyaloon,Kimberley,6,2023-06-08,6
HSG-02428,Yulga Jinna,Mid West,8,2012-07-01,10
HSG-02429,Wongatha Wonganarra,Goldfields,7,2013-03-06,7
HSG-02430,Cheeditha,Pilbara,5,2020-06-04,5
HSG-02431,Jigalong,Pilbara,4,1999-03-04,4
HSG-02432,Carnarvon Reserve,Gascoyne,3,1999-08-19,3
HSG-02433,Jigalong,Pilbara,5,2008-05-03,2
HSG-02434,Jigalong,Pilbara,5,2017-11-03,5
HSG-02435,Yulga Jinna,Mid West,5,2022-07-09,5
HSG-02436,Yandeyarra,Pilbara,10,2017-04-18,8
HSG-02437,Mungullah,Mid West,2,2018-04-29,6
HSG-02438,Coonana,Goldfields,4,1996-02-06,4
HSG-02439,Pia Wadjari,Mid West,2,2023-05-26,6
HSG-02440,Bidyadanga,Kimberley,4,2025-06-23,7
HSG-02441,Carnarvon Reserve,Gascoyne,7,2023-02-11,8
HSG-02442,Carnarvon Reserve,Gascoyne,3,2013-07-28,6
HSG-02443,Burringurrah,Gascoyne,6,2010-10-03,5
HSG-02444,Wongatha Wonganarra,Goldfields,3,2012-12-11,8
HSG-02445,Wongatha Wonganarra,Goldfields,6,2015-12-22,7
HSG-02446,Cheeditha,Pilbara,3,2001-11-23,3
HSG-02447,Carnarvon Reserve,Gascoyne,4,2014-12-14,5
HSG-02448,Ardyaloon,Kimberley,3,2011-06-10,5
HSG-02449,Yulga Jinna,Mid West,1,2010-05-20,3
HSG-02450,Carnarvon Reserve,Gascoyne,6,2017-06-07,7
HSG-02451,Cheeditha,Pilbara,4,1999-07-24,4
HSG-02452,Yulga Jinna,Mid West,3,2012-06-28,5
HSG-02453,Yandeyarra,Pilbara,6,2016-05-23,7
HSG-02454,Coonana,Goldfields,4,2003-06-22,3
HSG-02455,Mungullah,Mid West,6,1998-11-13,4
HSG-02456,Carnarvon Reserve,Gascoyne,4,2014-10-25,8
HSG-02457,Yulga Jinna,Mid West,7,2022-11-14,6
HSG-02458,Wongatha Wonganarra,Goldfields,2,2019-06-01,6
HSG-02459,Yandeyarra,Pilbara,7,2021-09-18,5
HSG-02460,Bidyadanga,Kimberley,8,2012-03-07,8
HSG-02461,Mungullah,Mid West,9,2010-06-28,6
HSG-02462,Carnarvon Reserve,Gascoyne,6,2019-02-12,8
HSG-02463,Yandeyarra,Pilbara,6,2022-10-20,5
HSG-02464,Beagle Bay,Kimberley,4,2015-11-17,6
HSG-02465,Coonana,Goldfields,2,2017-06-25,5
HSG-02466,Yulga Jinna,Mid West,7,2010-06-27,2
HSG-02467,Wakathuni,Pilbara,8,2023-06-10,8
HSG-02468,Coonana,Goldfields,4,2023-07-05,6
HSG-02469,Tjuntjuntjara,Goldfields,5,2013-07-02,8
HSG-02470,Burringurrah,Gascoyne,7,2007-02-09,3
HSG-02471,Coonana,Goldfields,6,2017-04-17,5
HSG-02472,Ardyaloon,Kimberley,5,2003-08-05,4
HSG-02473,Yandeyarra,Pilbara,9,2015-03-28,7
HSG-02474,Tjuntjuntjara,Goldfields,3,1996-06-05,3
HSG-02475,Coonana,Goldfields,4,2019-11-14,6
HSG-02476,Pia Wadjari,Mid West,6,2014-06-19,8
HSG-02477,Jigalong,Pilbara,7,2022-11-09,7
HSG-02478,Kalumburu,Kimberley,6,1999-12-26,3
HSG-02479,Cheeditha,Pilbara,5,2018-09-18,7
HSG-02480,Mungullah,Mid West,5,2017-03-18,6
HSG-02481,Kalumburu,Kimberley,4,2003-12-28,4
HSG-02482,Carnarvon Reserve,Gascoyne,5,2017-06-04,6
HSG-02483,Burringurrah,Gascoyne,4,2019-09-20,5
HSG-02484,Wongatha Wonganarra,Goldfields,3,2014-05-02,8
HSG-02485,Coonana,Goldfields,4,2020-02-05,8
HSG-02486,Beagle Bay,Kimberley,8,2010-11-14,5
HSG-02487,Wongatha Wonganarra,Goldfields,3,2009-05-22,2
HSG-02488,Burringurrah,Gascoyne,2,2003-10-31,3
HSG-02489,Pia Wadjari,Mid West,8,2013-11-13,6
HSG-02490,Kalumburu,Kimberley,6,2005-01-10,2
HSG-02491,Wakathuni,Pilbara,2,2023-03-24,7
HSG-02492,Wongatha Wonganarra,Goldfields,6,2024-05-31,5
HSG-02493,Tjuntjuntjara,Goldfields,6,2020-08-08,8
HSG-02494,Wakathuni,Pilbara,5,2011-01-04,6
HSG-02495,Jigalong,Pilbara,5,2020-02-20,10
HSG-02496,Bidyadanga,Kimberley,1,2022-06-17,7
HSG-02497,Wakathuni,Pilbara,5,2012-06-19,7
HSG-02498,Yandeyarra,Pilbara,4,2022-11-29,5
HSG-02499,Mungullah,Mid West,7,2025-03-30,10
HSG-02500,Burringurrah,Gascoyne,7,1995-10-27,4
HSG-02501,Wakathuni,Pilbara,4,2019-05-14,5
HSG-02502,Beagle Bay,Kimberley,1,2013-09-24,5
HSG-02503,Wongatha Wonganarra,Goldfields,7,2008-07-03,3
HSG-02504,Yulga Jinna,Mid West,7,2023-10-05,6
HSG-02505,Pia Wadjari,Mid West,3,2011-11-26,5
HSG-02506,Ardyaloon,Kimberley,9,2023-04-18,7
HSG-02507,Warmun,Kimberley,5,2019-05-20,5
HSG-02508,Burringurrah,Gascoyne,5,2017-06-10,5
HSG-02509,Kalumburu,Kimberley,1,2020-11-15,9
HSG-02510,Yulga Jinna,Mid West,5,2012-12-31,6
HSG-02511,Carnarvon Reserve,Gascoyne,5,2010-12-18,4
HSG-02512,Kalumburu,Kimberley,5,2008-11-07,3
HSG-02513,Warmun,Kimberley,10,1996-09-04,3
HSG-02514,Burringurrah,Gascoyne,3,2023-09-07,5
HSG-02515,Carnarvon Reserve,Gascoyne,8,2019-06-28,6
HSG-02516,Beagle Bay,Kimberley,2,2021-05-28,8
HSG-02517,Burringurrah,Gascoyne,7,2016-03-30,6
HSG-02518,Beagle Bay,Kimberley,7,2019-07-01,10
HSG-02519,Yandeyarra,Pilbara,10,1997-01-25,4
HSG-02520,Ardyaloon,Kimberley,9,2022-09-13,6
HSG-02521,Tjuntjuntjara,Goldfields,6,1997-03-10,2
HSG-02522,Yulga Jinna,Mid West,5,2014-01-25,4
HSG-02523,Coonana,Goldfields,7,2016-06-28,7
HSG-02524,Burringurrah,Gascoyne,1,2021-08-08,5
HSG-02525,Yulga Jinna,Mid West,7,2015-09-07,5
HSG-02526,Wongatha Wonganarra,Goldfields,7,2019-06-13,6
HSG-02527,Ardyaloon,Kimberley,6,2019-05-13,5
HSG-02528,Jigalong,Pilbara,2,2005-02-13,3
HSG-02529,Jigalong,Pilbara,7,2015-01-10,6
HSG-02530,Wakathuni,Pilbara,5,2023-08-22,5
HSG-02531,Tjuntjuntjara,Goldfields,4,2013-07-04,7
HSG-02532,Wakathuni,Pilbara,4,2000-04-23,3
HSG-02533,Wongatha Wonganarra,Goldfields,7,2012-06-11,5
HSG-02534,Jigalong,Pilbara,5,2023-07-12,8
HSG-02535,Wongatha Wonganarra,Goldfields,5,2019-11-22,6
HSG-02536,Carnarvon Reserve,Gascoyne,2,2013-03-15,5
HSG-02537,Tjuntjuntjara,Goldfields,6,2002-05-22,3
HSG-02538,Carnarvon Reserve,Gascoyne,5,2024-01-12,6
HSG-02539,Kalumburu,Kimberley,5,2022-06-14,7
HSG-02540,Burringurrah,Gascoyne,6,2023-12-13,8
HSG-02541,Bidyadanga,Kimberley,3,2016-01-13,6
HSG-02542,Jigalong,Pilbara,5,2006-05-29,4
HSG-02543,Warmun,Kimberley,7,2018-11-19,10
HSG-02544,Ardyaloon,Kimberley,5,2020-09-03,6
HSG-02545,Wongatha Wonganarra,Goldfields,5,1999-04-18,4
HSG-02546,Burringurrah,Gascoyne,1,1996-01-13,4
HSG-02547,Burringurrah,Gascoyne,2,2023-05-06,9
HSG-02548,Cheeditha,Pilbara,5,2014-03-01,5
HSG-02549,Wongatha Wonganarra,Goldfields,7,1996-08-27,3
HSG-02550,Burringurrah,Gascoyne,3,2010-08-03,6
HSG-02551,Cheeditha,Pilbara,7,2025-06-12,6
HSG-02552,Carnarvon Reserve,Gascoyne,6,2022-03-18,6
HSG-02553,Yulga Jinna,Mid West,6,2018-05-04,6
HSG-02554,Wongatha Wonganarra,Goldfields,3,2018-06-18,6
HSG-02555,Burringurrah,Gascoyne,3,2012-02-29,6
HSG-02556,Pia Wadjari,Mid West,4,2011-09-18,10
HSG-02557,Tjuntjuntjara,Goldfields,5,2000-09-11,3
HSG-02558,Cheeditha,Pilbara,5,2023-12-25,6
HSG-02559,Pia Wadjari,Mid West,9,2011-07-13,4
HSG-02560,Ardyaloon,Kimberley,2,2019-04-14,7
HSG-02561,Yandeyarra,Pilbara,2,2024-01-04,5
HSG-02562,Burringurrah,Gascoyne,4,2025-10-24,5
HSG-02563,Carnarvon Reserve,Gascoyne,7,1998-09-24,4
HSG-02564,Carnarvon Reserve,Gascoyne,4,2014-05-25,5
HSG-02565,Carnarvon Reserve,Gascoyne,5,2025-10-24,6
HSG-02566,Burringurrah,Gascoyne,6,2018-06-27,7
HSG-02567,Carnarvon Reserve,Gascoyne,6,2012-03-07,6
HSG-02568,Carnarvon Reserve,Gascoyne,2,2021-04-22,6
HSG-02569,Coonana,Goldfields,6,2015-05-06,7
HSG-02570,Pia Wadjari,Mid West,3,2002-03-09,4
HSG-02571,Coonana,Goldfields,4,2015-06-19,6
HSG-02572,Yandeyarra,Pilbara,7,2016-12-29,5
HSG-02573,Pia Wadjari,Mid West,7,2018-02-11,6
HSG-02574,Kalumburu,Kimberley,5,2014-02-10,5
HSG-02575,Wongatha Wonganarra,Goldfields,7,2024-10-04,6
HSG-02576,Burringurrah,Gascoyne,10,2012-12-01,4
HSG-02577,Kalumburu,Kimberley,6,2011-12-16,5
HSG-02578,Tjuntjuntjara,Goldfields,3,2023-05-28,5
HSG-02579,Wongatha Wonganarra,Goldfields,5,2020-11-06,10
HSG-02580,Coonana,Goldfields,5,2010-10-25,3
HSG-02581,Mungullah,Mid West,6,2011-09-05,2
HSG-02582,Carnarvon Reserve,Gascoyne,5,2013-03-30,6
HSG-02583,Mungullah,Mid West,7,2021-06-28,7
HSG-02584,Coonana,Goldfields,4,2010-11-12,5
HSG-02585,Tjuntjuntjara,Goldfields,3,2002-10-28,3
HSG-02586,Cheeditha,Pilbara,6,2010-10-21,3
HSG-02587,Mungullah,Mid West,4,2009-12-03,4
HSG-02588,Mungullah,Mid West,6,2014-06-03,9
HSG-02589,Yandeyarra,Pilbara,2,2008-01-09,2
HSG-02590,Beagle Bay,Kimberley,5,2013-10-29,6
HSG-02591,Coonana,Goldfields,5,2020-06-23,5
HSG-02592,Wakathuni,Pilbara,5,2018-04-01,6
HSG-02593,Pia Wadjari,Mid West,7,1996-09-25,2
HSG-02594,Cheeditha,Pilbara,4,2013-09-18,6
HSG-02595,Mungullah,Mid West,3,2023-04-05,9
HSG-02596,Beagle Bay,Kimberley,4,2021-12-05,5
HSG-02597,Carnarvon Reserve,Gascoyne,6,2007-05-08,4
HSG-02598,Tjuntjuntjara,Goldfields,1,2025-10-19,5
HSG-02599,Pia Wadjari,Mid West,7,2016-09-25,5
HSG-02600,Warmun,Kimberley,3,2018-07-19,7
HSG-02601,Jigalong,Pilbara,4,2019-01-08,5
HSG-02602,Bidyadanga,Kimberley,5,2018-06-24,7
HSG-02603,Mungullah,Mid West,10,2010-06-06,7
HSG-02604,Kalumburu,Kimberley,8,2021-02-23,5
HSG-02605,Carnarvon Reserve,Gascoyne,3,2019-03-31,6
HSG-02606,Wakathuni,Pilbara,5,2013-01-12,4
HSG-02607,Jigalong,Pilbara,5,2013-05-23,6
HSG-02608,Carnarvon Reserve,Gascoyne,6,2024-05-03,6
HSG-02609,Pia Wadjari,Mid West,6,2016-06-07,5
HSG-02610,Jigalong,Pilbara,4,2003-10-29,3
HSG-02611,Mungullah,Mid West,9,2012-07-07,6
HSG-02612,Bidyadanga,Kimberley,5,2011-01-16,4
HSG-02613,Tjuntjuntjara,Goldfields,10,2002-06-05,4
HSG-02614,Mungullah,Mid West,4,2016-05-07,6
HSG-02615,Yandeyarra,Pilbara,6,2026-05-03,7
HSG-02616,Coonana,Goldfields,9,2016-10-02,6
HSG-02617,Wongatha Wonganarra,Goldfields,3,2022-10-22,5
HSG-02618,Cheeditha,Pilbara,6,2010-11-28,9
HSG-02619,Tjuntjuntjara,Goldfields,2,2023-04-11,8
HSG-02620,Kalumburu,Kimberley,5,2021-12-12,7
HSG-02621,Wongatha Wonganarra,Goldfields,5,2002-08-07,4
HSG-02622,Burringurrah,Gascoyne,7,2018-07-03,7
HSG-02623,Coonana,Goldfields,7,2014-04-18,5
HSG-02624,Beagle Bay,Kimberley,4,2011-05-12,3
HSG-02625,Carnarvon Reserve,Gascoyne,7,2019-06-05,6
HSG-02626,Mungullah,Mid West,3,2023-08-24,5
HSG-02627,Burringurrah,Gascoyne,4,2004-10-04,3
HSG-02628,Jigalong,Pilbara,3,2013-03-28,3
HSG-02629,Wakathuni,Pilbara,4,1996-06-06,4
HSG-02630,Wongatha Wonganarra,Goldfields,1,2014-11-26,9
HSG-02631,Yulga Jinna,Mid West,8,2010-10-22,4
HSG-02632,Warmun,Kimberley,6,2012-09-06,6
HSG-02633,Carnarvon Reserve,Gascoyne,8,2008-07-31,4
HSG-02634,Wongatha Wonganarra,Goldfields,7,2022-01-02,5
HSG-02635,Kalumburu,Kimberley,2,2024-06-08,7
HSG-02636,Wakathuni,Pilbara,8,2010-06-17,10
HSG-02637,Carnarvon Reserve,Gascoyne,2,2020-10-18,7
HSG-02638,Burringurrah,Gascoyne,4,2013-11-08,7
HSG-02639,Burringurrah,Gascoyne,2,2008-02-29,3
HSG-02640,Beagle Bay,Kimberley,3,2019-08-01,6
HSG-02641,Kalumburu,Kimberley,4,2011-09-18,7
HSG-02642,Burringurrah,Gascoyne,7,2017-02-08,7
HSG-02643,Wongatha Wonganarra,Goldfields,9,2017-08-22,6
HSG-02644,Beagle Bay,Kimberley,2,2019-05-08,8
HSG-02645,Carnarvon Reserve,Gascoyne,4,2017-05-11,7
HSG-02646,Cheeditha,Pilbara,8,2022-01-12,6
HSG-02647,Beagle Bay,Kimberley,2,2007-09-03,4
HSG-02648,Ardyaloon,Kimberley,8,2014-07-13,5
HSG-02649,Burringurrah,Gascoyne,5,2016-04-19,7
HSG-02650,Burringurrah,Gascoyne,7,2021-11-02,6
HSG-02651,Burringurrah,Gascoyne,5,2016-05-02,5
HSG-02652,Bidyadanga,Kimberley,7,2019-01-08,6
HSG-02653,Cheeditha,Pilbara,4,2025-08-27,7
HSG-02654,Carnarvon Reserve,Gascoyne,5,2001-07-05,4
HSG-02655,Wongatha Wonganarra,Goldfields,3,1997-02-20,4
HSG-02656,Mungullah,Mid West,4,2016-01-15,8
HSG-02657,Wakathuni,Pilbara,3,2021-10-14,6
HSG-02658,Wakathuni,Pilbara,4,2015-03-18,5
HSG-02659,Mungullah,Mid West,2,2011-03-02,5
HSG-02660,Mungullah,Mid West,5,2021-02-23,6
HSG-02661,Burringurrah,Gascoyne,5,2008-07-06,3
HSG-02662,Coonana,Goldfields,7,2017-03-09,6
HSG-02663,Wakathuni,Pilbara,5,2020-04-25,5
HSG-02664,Yandeyarra,Pilbara,4,2013-01-27,6
HSG-02665,Yulga Jinna,Mid West,6,2002-04-14,2
HSG-02666,Carnarvon Reserve,Gascoyne,4,2025-07-25,5
HSG-02667,Warmun,Kimberley,6,2014-05-22,8
HSG-02668,Ardyaloon,Kimberley,3,2025-03-23,5
HSG-02669,Yandeyarra,Pilbara,4,2006-03-22,4
HSG-02670,Carnarvon Reserve,Gascoyne,4,2026-04-05,7
HSG-02671,Burringurrah,Gascoyne,3,2024-02-16,6
HSG-02672,Wakathuni,Pilbara,1,1995-10-22,4
HSG-02673,Cheeditha,Pilbara,4,2015-09-29,9
HSG-02674,Jigalong,Pilbara,4,2012-08-27,2
HSG-02675,Wongatha Wonganarra,Goldfields,1,2023-05-20,6
HSG-02676,Ardyaloon,Kimberley,6,2017-04-09,6
HSG-02677,Burringurrah,Gascoyne,5,2022-05-30,8
HSG-02678,Yandeyarra,Pilbara,4,2018-10-25,7
HSG-02679,Mungullah,Mid West,1,2002-07-04,4
HSG-02680,Coonana,Goldfields,1,2013-06-15,5
HSG-02681,Warmun,Kimberley,5,2021-04-04,6
HSG-02682,Yandeyarra,Pilbara,5,2004-12-03,4
HSG-02683,Kalumburu,Kimberley,5,2004-04-04,3
HSG-02684,Coonana,Goldfields,8,2024-07-24,5
HSG-02685,Jigalong,Pilbara,4,2012-09-03,8
HSG-02686,Wongatha Wonganarra,Goldfields,2,2008-06-20,3
HSG-02687,Mungullah,Mid West,3,2016-07-16,5
HSG-02688,Tjuntjuntjara,Goldfields,6,2023-01-12,7
HSG-02689,Yulga Jinna,Mid West,10,2003-01-20,1
HSG-02690,Ardyaloon,Kimberley,6,2009-07-02,4
HSG-02691,Cheeditha,Pilbara,4,2009-11-15,4
HSG-02692,Yulga Jinna,Mid West,3,2011-04-29,9
HSG-02693,Kalumburu,Kimberley,7,2013-01-10,6
HSG-02694,Yandeyarra,Pilbara,8,2004-03-30,3
HSG-02695,Wakathuni,Pilbara,2,2002-12-23,2
HSG-02696,Pia Wadjari,Mid West,3,2010-06-12,6
HSG-02697,Yulga Jinna,Mid West,5,2016-03-22,6
HSG-02698,Wakathuni,Pilbara,2,2012-08-24,7
HSG-02699,Yulga Jinna,Mid West,6,2010-09-03,7
HSG-02700,Carnarvon Reserve,Gascoyne,1,2014-04-20,6
HSG-02701,Burringurrah,Gascoyne,2,2018-06-06,5
HSG-02702,Beagle Bay,Kimberley,6,2015-05-31,6
HSG-02703,Yandeyarra,Pilbara,3,2014-08-20,6
HSG-02704,Mungullah,Mid West,2,2023-04-30,8
HSG-02705,Tjuntjuntjara,Goldfields,5,2021-12-31,8
HSG-02706,Mungullah,Mid West,4,2013-01-28,5
HSG-02707,Jigalong,Pilbara,3,2025-03-20,7
HSG-02708,Beagle Bay,Kimberley,3,2014-05-19,7
HSG-02709,Pia Wadjari,Mid West,4,2012-06-07,2
HSG-02710,Kalumburu,Kimberley,4,2011-10-01,3
HSG-02711,Carnarvon Reserve,Gascoyne,5,2014-03-18,3
HSG-02712,Coonana,Goldfields,7,2024-01-25,5
HSG-02713,Ardyaloon,Kimberley,5,2013-03-17,7
HSG-02714,Wakathuni,Pilbara,7,2021-09-02,5
HSG-02715,Tjuntjuntjara,Goldfields,3,2000-12-14,2
HSG-02716,Yulga Jinna,Mid West,3,2014-01-06,4
HSG-02717,Beagle Bay,Kimberley,5,2024-07-05,5
HSG-02718,Kalumburu,Kimberley,7,2008-09-18,4
HSG-02719,Yandeyarra,Pilbara,5,2013-10-28,8
HSG-02720,Yulga Jinna,Mid West,6,2017-08-12,5
HSG-02721,Burringurrah,Gascoyne,4,2006-10-30,4
HSG-02722,Cheeditha,Pilbara,3,2023-09-05,5
HSG-02723,Mungullah,Mid West,7,2019-11-07,5
HSG-02724,Carnarvon Reserve,Gascoyne,2,2018-11-12,9
HSG-02725,Yandeyarra,Pilbara,6,1999-10-04,3
HSG-02726,Wongatha Wonganarra,Goldfields,4,2013-11-19,6
HSG-02727,Yandeyarra,Pilbara,9,2002-07-08,4
HSG-02728,Mungullah,Mid West,7,2018-04-06,8
HSG-02729,Ardyaloon,Kimberley,4,2014-07-28,5
HSG-02730,Coonana,Goldfields,3,2019-01-07,5
HSG-02731,Yandeyarra,Pilbara,5,2024-02-11,7
HSG-02732,Carnarvon Reserve,Gascoyne,7,2005-02-27,4
HSG-02733,Carnarvon Reserve,Gascoyne,1,2025-01-26,5
HSG-02734,Coonana,Goldfields,6,2024-08-14,6
HSG-02735,Mungullah,Mid West,4,2024-12-19,6
HSG-02736,Bidyadanga,Kimberley,8,2025-11-28,6
HSG-02737,Tjuntjuntjara,Goldfields,4,2019-12-21,5
HSG-02738,Yulga Jinna,Mid West,5,2015-03-27,8
HSG-02739,Bidyadanga,Kimberley,5,2012-09-17,5
HSG-02740,Kalumburu,Kimberley,4,2022-05-18,7
HSG-02741,Burringurrah,Gascoyne,9,2010-08-06,6
HSG-02742,Bidyadanga,Kimberley,5,2021-03-14,6
HSG-02743,Mungullah,Mid West,1,2024-02-01,7
HSG-02744,Jigalong,Pilbara,5,2020-09-16,6
HSG-02745,Burringurrah,Gascoyne,3,2012-03-26,5
HSG-02746,Tjuntjuntjara,Goldfields,4,2014-07-17,7
HSG-02747,Mungullah,Mid West,4,2014-01-30,9
HSG-02748,Yandeyarra,Pilbara,6,2009-08-16,3
HSG-02749,Mungullah,Mid West,5,2014-03-20,4
HSG-02750,Wongatha Wonganarra,Goldfields,1,2023-09-17,8
HSG-02751,Warmun,Kimberley,7,2016-03-06,6
HSG-02752,Coonana,Goldfields,5,2012-01-10,3
HSG-02753,Burringurrah,Gascoyne,4,2015-04-17,7
HSG-02754,Beagle Bay,Kimberley,3,2000-01-24,1
HSG-02755,Pia Wadjari,Mid West,5,2011-07-05,5
HSG-02756,Yandeyarra,Pilbara,5,2011-05-13,7
HSG-02757,Tjuntjuntjara,Goldfields,6,2013-11-04,6
HSG-02758,Carnarvon Reserve,Gascoyne,8,1999-11-30,3
HSG-02759,Burringurrah,Gascoyne,6,2015-04-20,7
HSG-02760,Yulga Jinna,Mid West,2,2000-01-22,3
HSG-02761,Kalumburu,Kimberley,3,2013-01-27,4
HSG-02762,Carnarvon Reserve,Gascoyne,7,2010-04-10,4
HSG-02763,Tjuntjuntjara,Goldfields,3,2008-08-15,4
HSG-02764,Mungullah,Mid West,7,2018-11-14,6
HSG-02765,Yulga Jinna,Mid West,5,2023-12-03,5
HSG-02766,Pia Wadjari,Mid West,8,1996-10-10,4
HSG-02767,Ardyaloon,Kimberley,8,2021-04-05,6
HSG-02768,Pia Wadjari,Mid West,5,2019-11-07,10
HSG-02769,Coonana,Goldfields,3,2015-12-08,5
HSG-02770,Burringurrah,Gascoyne,2,2019-06-06,7
HSG-02771,Mungullah,Mid West,9,2017-10-11,9
HSG-02772,Kalumburu,Kimberley,8,2021-10-02,5
HSG-02773,Jigalong,Pilbara,4,2003-08-18,2
HSG-02774,Kalumburu,Kimberley,9,2014-05-01,6
HSG-02775,Tjuntjuntjara,Goldfields,4,2011-02-13,8
HSG-02776,Beagle Bay,Kimberley,3,2025-06-13,6
HSG-02777,Pia Wadjari,Mid West,5,2017-07-10,7
HSG-02778,Yandeyarra,Pilbara,5,2010-04-28,3
HSG-02779,Tjuntjuntjara,Goldfields,5,2023-12-29,7
HSG-02780,Pia Wadjari,Mid West,5,2019-06-23,7
HSG-02781,Coonana,Goldfields,3,2025-04-12,5
HSG-02782,Pia Wadjari,Mid West,4,2017-03-08,7
HSG-02783,Cheeditha,Pilbara,5,2012-09-28,7
HSG-02784,Yulga Jinna,Mid West,7,2020-06-08,7
HSG-02785,Pia Wadjari,Mid West,6,1995-11-19,4
HSG-02786,Kalumburu,Kimberley,5,2020-04-21,5
HSG-02787,Carnarvon Reserve,Gascoyne,4,2015-06-26,5
HSG-02788,Coonana,Goldfields,3,2009-10-11,2
HSG-02789,Wakathuni,Pilbara,4,2016-04-03,6
HSG-02790,Pia Wadjari,Mid West,2,2025-10-11,6
HSG-02791,Wakathuni,Pilbara,9,2023-05-12,7
HSG-02792,Jigalong,Pilbara,9,2012-06-10,6
HSG-02793,Carnarvon Reserve,Gascoyne,8,2002-02-14,4
HSG-02794,Coonana,Goldfields,4,2007-06-21,1
HSG-02795,Carnarvon Reserve,Gascoyne,8,2014-11-27,8
HSG-02796,Bidyadanga,Kimberley,4,2016-09-16,5
HSG-02797,Warmun,Kimberley,3,2011-11-03,6
HSG-02798,Pia Wadjari,Mid West,7,2002-08-31,2
HSG-02799,Yulga Jinna,Mid West,6,2016-04-03,5
HSG-02800,Wakathuni,Pilbara,5,2012-11-22,6
HSG-02801,Jigalong,Pilbara,5,2012-11-18,5
HSG-02802,Wongatha Wonganarra,Goldfields,5,2012-07-12,7
HSG-02803,Wongatha Wonganarra,Goldfields,6,2023-04-16,6
HSG-02804,Ardyaloon,Kimberley,2,2025-07-18,5
HSG-02805,Mungullah,Mid West,7,2010-07-18,6
HSG-02806,Carnarvon Reserve,Gascoyne,6,2011-09-18,9
HSG-02807,Carnarvon Reserve,Gascoyne,7,2016-10-28,6
HSG-02808,Jigalong,Pilbara,4,1999-08-27,1
HSG-02809,Mungullah,Mid West,5,2019-10-03,5
HSG-02810,Bidyadanga,Kimberley,6,2011-11-03,5
HSG-02811,Mungullah,Mid West,4,2003-02-10,2
HSG-02812,Burringurrah,Gascoyne,3,2017-06-28,6
HSG-02813,Tjuntjuntjara,Goldfields,9,2012-06-22,5
HSG-02814,Yandeyarra,Pilbara,6,2013-05-16,7
HSG-02815,Ardyaloon,Kimberley,3,2021-11-20,6
HSG-02816,Burringurrah,Gascoyne,3,2016-03-05,7
HSG-02817,Burringurrah,Gascoyne,5,2018-08-20,6
HSG-02818,Mungullah,Mid West,3,2014-05-06,7
HSG-02819,Burringurrah,Gascoyne,10,2009-07-12,4
HSG-02820,Yulga Jinna,Mid West,4,2020-11-05,6
HSG-02821,Wongatha Wonganarra,Goldfields,7,2008-10-22,4
HSG-02822,Yandeyarra,Pilbara,1,2021-09-14,8
HSG-02823,Kalumburu,Kimberley,7,2001-07-18,2
HSG-02824,Wongatha Wonganarra,Goldfields,4,2020-12-16,8
HSG-02825,Yandeyarra,Pilbara,8,2024-05-16,7
HSG-02826,Mungullah,Mid West,5,2022-05-16,6
HSG-02827,Carnarvon Reserve,Gascoyne,5,2014-05-20,8
HSG-02828,Wakathuni,Pilbara,3,2003-03-01,4
HSG-02829,Jigalong,Pilbara,7,2017-02-21,5
HSG-02830,Carnarvon Reserve,Gascoyne,8,2002-01-22,4
HSG-02831,Bidyadanga,Kimberley,5,2012-03-20,4
HSG-02832,Kalumburu,Kimberley,5,2011-04-07,3
HSG-02833,Yulga Jinna,Mid West,4,2011-04-09,3
HSG-02834,Cheeditha,Pilbara,7,2018-02-28,7
HSG-02835,Ardyaloon,Kimberley,1,2010-11-29,8
HSG-02836,Wakathuni,Pilbara,10,2022-09-21,6
HSG-02837,Warmun,Kimberley,4,2023-09-23,10
HSG-02838,Beagle Bay,Kimberley,2,2012-11-21,6
HSG-02839,Wongatha Wonganarra,Goldfields,5,2012-03-11,8
HSG-02840,Cheeditha,Pilbara,6,2026-02-27,5
HSG-02841,Carnarvon Reserve,Gascoyne,3,2022-12-06,5
HSG-02842,Tjuntjuntjara,Goldfields,3,2026-03-09,6
HSG-02843,Burringurrah,Gascoyne,4,2011-02-24,3
HSG-02844,Carnarvon Reserve,Gascoyne,8,2025-09-06,5
HSG-02845,Carnarvon Reserve,Gascoyne,2,2019-11-26,5
HSG-02846,Beagle Bay,Kimberley,5,2013-12-16,2
HSG-02847,Jigalong,Pilbara,6,2011-06-13,4
HSG-02848,Cheeditha,Pilbara,9,2017-09-27,6
HSG-02849,Yandeyarra,Pilbara,4,2002-06-07,4
HSG-02850,Burringurrah,Gascoyne,5,2011-09-22,7
HSG-02851,Yulga Jinna,Mid West,5,2014-02-23,5
HSG-02852,Coonana,Goldfields,5,2007-06-17,4
HSG-02853,Tjuntjuntjara,Goldfields,4,2010-08-08,2
HSG-02854,Burringurrah,Gascoyne,7,2021-02-14,6
HSG-02855,Pia Wadjari,Mid West,3,2011-10-29,9
HSG-02856,Burringurrah,Gascoyne,5,2003-07-21,4
HSG-02857,Kalumburu,Kimberley,7,2013-10-25,6
HSG-02858,Cheeditha,Pilbara,6,2014-07-13,5
HSG-02859,Warmun,Kimberley,6,2021-05-13,5
HSG-02860,Burringurrah,Gascoyne,6,1995-11-09,2
HSG-02861,Wongatha Wonganarra,Goldfields,4,2014-11-10,9
HSG-02862,Ardyaloon,Kimberley,3,2008-12-19,4
HSG-02863,Mungullah,Mid West,4,2003-01-30,3
HSG-02864,Beagle Bay,Kimberley,1,2014-11-23,5
HSG-02865,Cheeditha,Pilbara,5,2023-05-26,5
HSG-02866,Wongatha Wonganarra,Goldfields,5,2025-12-12,6
HSG-02867,Wakathuni,Pilbara,7,2016-02-02,5
HSG-02868,Carnarvon Reserve,Gascoyne,4,2014-01-07,5
HSG-02869,Carnarvon Reserve,Gascoyne,6,2020-04-08,8
HSG-02870,Burringurrah,Gascoyne,4,2023-08-10,6
HSG-02871,Yulga Jinna,Mid West,6,2000-12-24,4
HSG-02872,Coonana,Goldfields,5,2008-05-08,3
HSG-02873,Pia Wadjari,Mid West,1,2025-01-09,6
HSG-02874,Mungullah,Mid West,4,2022-10-11,6
HSG-02875,Cheeditha,Pilbara,5,1995-11-22,4
HSG-02876,Yandeyarra,Pilbara,5,2005-05-25,3
HSG-02877,Carnarvon Reserve,Gascoyne,8,2000-01-11,3
HSG-02878,Wakathuni,Pilbara,5,2012-09-01,4
HSG-02879,Carnarvon Reserve,Gascoyne,6,2015-07-06,5
HSG-02880,Ardyaloon,Kimberley,4,2011-04-15,7
HSG-02881,Yulga Jinna,Mid West,5,2017-01-11,6
HSG-02882,Tjuntjuntjara,Goldfields,3,2002-04-25,3
HSG-02883,Burringurrah,Gascoyne,5,2010-07-24,5
HSG-02884,Warmun,Kimberley,6,2016-06-09,5
HSG-02885,Pia Wadjari,Mid West,5,2010-11-23,3
HSG-02886,Carnarvon Reserve,Gascoyne,9,2026-02-04,5
HSG-02887,Ardyaloon,Kimberley,7,2010-04-10,4
HSG-02888,Wongatha Wonganarra,Goldfields,6,2001-02-09,3
HSG-02889,Yandeyarra,Pilbara,6,2019-11-24,5
HSG-02890,Carnarvon Reserve,Gascoyne,5,2025-01-17,7
HSG-02891,Ardyaloon,Kimberley,2,2012-12-28,4
HSG-02892,Bidyadanga,Kimberley,6,2015-06-14,9
HSG-02893,Burringurrah,Gascoyne,5,2017-06-08,7
HSG-02894,Jigalong,Pilbara,5,2012-04-01,9
HSG-02895,Cheeditha,Pilbara,1,2021-08-04,6
HSG-02896,Yulga Jinna,Mid West,1,1999-06-28,1
HSG-02897,Kalumburu,Kimberley,6,2018-08-09,6
HSG-02898,Yulga Jinna,Mid West,4,2011-01-10,5
HSG-02899,Wongatha Wonganarra,Goldfields,10,2011-02-07,5
HSG-02900,Bidyadanga,Kimberley,6,2004-06-04,4
HSG-02901,Bidyadanga,Kimberley,6,2018-06-28,5
HSG-02902,Yandeyarra,Pilbara,4,2023-09-19,9
HSG-02903,Beagle Bay,Kimberley,8,2025-06-20,6
HSG-02904,Wakathuni,Pilbara,1,2014-02-25,5
HSG-02905,Mungullah,Mid West,10,2016-02-15,5
HSG-02906,Burringurrah,Gascoyne,7,2016-06-03,8
HSG-02907,Yulga Jinna,Mid West,5,2009-09-17,4
HSG-02908,Beagle Bay,Kimberley,1,2018-11-26,7
HSG-02909,Pia Wadjari,Mid West,3,2019-11-08,6
HSG-02910,Yandeyarra,Pilbara,2,2017-10-27,5
HSG-02911,Cheeditha,Pilbara,5,2023-03-16,6
HSG-02912,Mungullah,Mid West,3,2023-01-27,8
HSG-02913,Warmun,Kimberley,4,2009-01-17,2
HSG-02914,Warmun,Kimberley,5,2011-12-04,6
HSG-02915,Coonana,Goldfields,5,2023-11-30,8
HSG-02916,Mungullah,Mid West,4,2021-11-08,5
HSG-02917,Burringurrah,Gascoyne,3,2016-05-04,7
HSG-02918,Pia Wadjari,Mid West,5,2015-04-12,5
HSG-02919,Warmun,Kimberley,1,2013-02-22,8
HSG-02920,Coonana,Goldfields,2,2002-03-06,4
HSG-02921,Burringurrah,Gascoyne,6,1997-07-29,3
HSG-02922,Yulga Jinna,Mid West,2,2001-04-10,2
HSG-02923,Beagle Bay,Kimberley,7,2023-02-07,5
HSG-02924,Ardyaloon,Kimberley,10,2012-08-11,4
HSG-02925,Coonana,Goldfields,3,2011-09-03,4
HSG-02926,Bidyadanga,Kimberley,6,2018-07-18,5
HSG-02927,Pia Wadjari,Mid West,6,2002-04-14,4
HSG-02928,Cheeditha,Pilbara,2,1999-02-20,2
HSG-02929,Jigalong,Pilbara,1,2014-07-10,5
HSG-02930,Wongatha Wonganarra,Goldfields,4,2005-06-02,4
HSG-02931,Beagle Bay,Kimberley,8,2010-12-28,8
HSG-02932,Jigalong,Pilbara,4,2003-06-21,2
HSG-02933,Beagle Bay,Kimberley,4,2008-12-14,4
HSG-02934,Mungullah,Mid West,4,2013-06-25,4
HSG-02935,Pia Wadjari,Mid West,4,2016-05-21,5
HSG-02936,Cheeditha,Pilbara,4,2024-03-03,6
HSG-02937,Kalumburu,Kimberley,6,2002-10-05,4
HSG-02938,Carnarvon Reserve,Gascoyne,8,1999-01-30,4
HSG-02939,Mungullah,Mid West,1,2025-05-21,6
HSG-02940,Burringurrah,Gascoyne,3,2018-09-05,6
HSG-02941,Carnarvon Reserve,Gascoyne,1,2022-04-12,8
HSG-02942,Bidyadanga,Kimberley,6,2003-10-16,3
HSG-02943,Yulga Jinna,Mid West,2,2014-08-26,9
HSG-02944,Wongatha Wonganarra,Goldfields,3,1999-01-27,4
HSG-02945,Tjuntjuntjara,Goldfields,1,2025-11-30,5
HSG-02946,Wongatha Wonganarra,Goldfields,4,2015-09-09,7
HSG-02947,Burringurrah,Gascoyne,2,2011-01-15,3
HSG-02948,Carnarvon Reserve,Gascoyne,6,2021-11-01,7
HSG-02949,Jigalong,Pilbara,2,2014-09-20,7
HSG-02950,Beagle Bay,Kimberley,5,2012-11-29,7
HSG-02951,Yandeyarra,Pilbara,5,2007-11-22,1
HSG-02952,Bidyadanga,Kimberley,5,2011-09-06,7
HSG-02953,Cheeditha,Pilbara,3,2014-12-14,5
HSG-02954,Yulga Jinna,Mid West,5,2001-01-14,1
HSG-02955,Coonana,Goldfields,9,2012-08-09,4
HSG-02956,Burringurrah,Gascoyne,6,2022-10-21,5
HSG-02957,Yulga Jinna,Mid West,8,2015-01-05,6
HSG-02958,Ardyaloon,Kimberley,4,1998-06-20,4
HSG-02959,Wakathuni,Pilbara,7,2009-09-08,2
HSG-02960,Wongatha Wonganarra,Goldfields,6,1996-06-30,4
HSG-02961,Cheeditha,Pilbara,8,2011-01-06,6
HSG-02962,Bidyadanga,Kimberley,6,2025-10-09,6
HSG-02963,Beagle Bay,Kimberley,1,2004-08-04,4
HSG-02964,Ardyaloon,Kimberley,6,2010-12-28,6
HSG-02965,Warmun,Kimberley,8,2014-06-28,6
HSG-02966,Ardyaloon,Kimberley,3,2006-03-25,4
HSG-02967,Tjuntjuntjara,Goldfields,5,1997-06-30,1
HSG-02968,Carnarvon Reserve,Gascoyne,9,2024-01-12,6
HSG-02969,Jigalong,Pilbara,8,2000-08-09,3
HSG-02970,Bidyadanga,Kimberley,8,2019-05-15,10
HSG-02971,Pia Wadjari,Mid West,2,2018-06-18,7
HSG-02972,Pia Wadjari,Mid West,5,2002-04-15,3
HSG-02973,Tjuntjuntjara,Goldfields,6,2017-03-04,7
HSG-02974,Burringurrah,Gascoyne,4,2015-08-09,8
HSG-02975,Jigalong,Pilbara,1,2006-03-26,3
HSG-02976,Yulga Jinna,Mid West,5,2019-12-28,6
HSG-02977,Coonana,Goldfields,3,2016-08-14,7
HSG-02978,Yulga Jinna,Mid West,6,2020-11-19,7
HSG-02979,Mungullah,Mid West,5,2021-09-03,7
HSG-02980,Yulga Jinna,Mid West,4,2015-09-17,9
HSG-02981,Tjuntjuntjara,Goldfields,3,2014-10-26,9
HSG-02982,Pia Wadjari,Mid West,5,2000-10-11,3
HSG-02983,Kalumburu,Kimberley,8,2025-10-26,6
HSG-02984,Beagle Bay,Kimberley,7,2017-01-27,8
HSG-02985,Burringurrah,Gascoyne,6,2009-07-20,4
HSG-02986,Burringurrah,Gascoyne,7,2024-11-09,6
HSG-02987,Wakathuni,Pilbara,7,2013-10-08,2
HSG-02988,Burringurrah,Gascoyne,6,2013-04-19,4
HSG-02989,Bidyadanga,Kimberley,9,2022-12-11,7
HSG-02990,Carnarvon Reserve,Gascoyne,6,2016-08-15,6
HSG-02991,Yulga Jinna,Mid West,3,2016-04-30,8
HSG-02992,Kalumburu,Kimberley,9,2024-06-04,6
HSG-02993,Jigalong,Pilbara,8,1996-09-25,4
HSG-02994,Jigalong,Pilbara,3,2021-12-27,6
HSG-02995,Wongatha Wonganarra,Goldfields,6,2025-09-23,5
HSG-02996,Carnarvon Reserve,Gascoyne,6,2023-04-26,6
HSG-02997,Beagle Bay,Kimberley,3,2022-09-06,6
HSG-02998,Beagle Bay,Kimberley,7,2020-04-07,6
HSG-02999,Mungullah,Mid West,8,1997-10-21,3
HSG-03000,Mungullah,Mid West,6,2010-12-31,3
HSG-03001,Pia Wadjari,Mid West,3,2009-02-02,4
HSG-03002,Burringurrah,Gascoyne,3,2011-07-01,5
HSG-03003,Carnarvon Reserve,Gascoyne,5,2013-03-19,7
HSG-03004,Beagle Bay,Kimberley,4,2009-07-01,3
HSG-03005,Jigalong,Pilbara,8,1997-06-12,4
HSG-03006,Carnarvon Reserve,Gascoyne,5,2010-09-30,6
HSG-03007,Tjuntjuntjara,Goldfields,5,2022-08-02,7
HSG-03008,Pia Wadjari,Mid West,6,2005-11-15,4
HSG-03009,Yulga Jinna,Mid West,10,2022-10-05,6
HSG-03010,Pia Wadjari,Mid West,5,2022-05-16,7
HSG-03011,Tjuntjuntjara,Goldfields,6,2022-08-15,6
HSG-03012,Mungullah,Mid West,10,2017-05-14,5
HSG-03013,Burringurrah,Gascoyne,4,2024-11-29,6
HSG-03014,Wakathuni,Pilbara,7,2000-01-15,3
HSG-03015,Beagle Bay,Kimberley,1,2002-09-21,4
HSG-03016,Carnarvon Reserve,Gascoyne,1,2014-06-05,5
HSG-03017,Burringurrah,Gascoyne,6,1998-05-04,4
HSG-03018,Jigalong,Pilbara,2,2014-07-01,6
HSG-03019,Burringurrah,Gascoyne,7,2000-03-25,2
HSG-03020,Wongatha Wonganarra,Goldfields,7,2016-11-11,7
HSG-03021,Warmun,Kimberley,7,2013-10-03,8
HSG-03022,Carnarvon Reserve,Gascoyne,10,2018-03-26,5
HSG-03023,Wongatha Wonganarra,Goldfields,5,2014-08-06,5
HSG-03024,Burringurrah,Gascoyne,5,2024-05-06,8
HSG-03025,Beagle Bay,Kimberley,2,2007-04-15,4
HSG-03026,Warmun,Kimberley,8,2010-12-19,7
HSG-03027,Jigalong,Pilbara,4,2023-03-02,7
HSG-03028,Pia Wadjari,Mid West,6,2024-04-28,8
HSG-03029,Burringurrah,Gascoyne,5,2023-05-11,7
HSG-03030,Warmun,Kimberley,10,2014-07-26,7
HSG-03031,Beagle Bay,Kimberley,5,2016-04-06,7
HSG-03032,Pia Wadjari,Mid West,4,2021-07-08,10
HSG-03033,Carnarvon Reserve,Gascoyne,5,2020-01-22,5
HSG-03034,Pia Wadjari,Mid West,3,2017-02-05,7
HSG-03035,Jigalong,Pilbara,7,2012-09-04,5
HSG-03036,Yandeyarra,Pilbara,6,1996-05-24,3
HSG-03037,Beagle Bay,Kimberley,5,2025-03-19,6
HSG-03038,Bidyadanga,Kimberley,9,2000-08-18,4
HSG-03039,Carnarvon Reserve,Gascoyne,2,2004-03-01,4
HSG-03040,Burringurrah,Gascoyne,2,2020-02-14,8
HSG-03041,Burringurrah,Gascoyne,8,2014-12-01,6
HSG-03042,Carnarvon Reserve,Gascoyne,8,2023-10-18,6
HSG-03043,Yulga Jinna,Mid West,5,2014-04-26,5
HSG-03044,Carnarvon Reserve,Gascoyne,4,2009-09-11,3
HSG-03045,Coonana,Goldfields,6,2022-09-17,5
HSG-03046,Yandeyarra,Pilbara,7,2016-05-20,6
HSG-03047,Cheeditha,Pilbara,5,2005-11-16,4
HSG-03048,Coonana,Goldfields,5,2021-01-03,7
HSG-03049,Kalumburu,Kimberley,2,2018-09-08,6
HSG-03050,Burringurrah,Gascoyne,6,2001-07-23,4
HSG-03051,Kalumburu,Kimberley,4,2022-08-05,6
HSG-03052,Pia Wadjari,Mid West,3,2026-05-13,6
HSG-03053,Tjuntjuntjara,Goldfields,3,2018-02-18,7
HSG-03054,Coonana,Goldfields,10,2010-02-18,4
HSG-03055,Burringurrah,Gascoyne,6,2013-02-01,4
HSG-03056,Mungullah,Mid West,7,1995-07-29,3
HSG-03057,Bidyadanga,Kimberley,6,2011-11-01,4
HSG-03058,Carnarvon Reserve,Gascoyne,5,1996-10-03,4
HSG-03059,Cheeditha,Pilbara,7,2013-04-09,4
HSG-03060,Warmun,Kimberley,6,2018-07-03,5
HSG-03061,Tjuntjuntjara,Goldfields,5,2010-12-29,6
HSG-03062,Yandeyarra,Pilbara,3,2025-05-16,6
HSG-03063,Wakathuni,Pilbara,8,2013-08-23,4
HSG-03064,Mungullah,Mid West,8,2013-11-20,8
HSG-03065,Wakathuni,Pilbara,3,2000-08-27,3
HSG-03066,Yandeyarra,Pilbara,6,2012-04-02,5
HSG-03067,Burringurrah,Gascoyne,9,2015-02-22,6
HSG-03068,Tjuntjuntjara,Goldfields,3,2013-01-31,3
HSG-03069,Yandeyarra,Pilbara,7,1996-05-31,4
HSG-03070,Wakathuni,Pilbara,5,2025-05-22,7
HSG-03071,Yandeyarra,Pilbara,4,2024-04-30,5
HSG-03072,Wakathuni,Pilbara,5,2021-01-06,7
HSG-03073,Bidyadanga,Kimberley,6,2014-07-28,5
HSG-03074,Cheeditha,Pilbara,5,2021-07-24,5
HSG-03075,Pia Wadjari,Mid West,2,2022-06-28,6
HSG-03076,Ardyaloon,Kimberley,9,2005-08-29,4
HSG-03077,Wakathuni,Pilbara,3,2003-02-12,4
HSG-03078,Yulga Jinna,Mid West,7,2016-11-25,6
HSG-03079,Burringurrah,Gascoyne,5,2006-09-07,4
HSG-03080,Tjuntjuntjara,Goldfields,5,1996-09-21,3
HSG-03081,Ardyaloon,Kimberley,5,2014-11-03,7
HSG-03082,Burringurrah,Gascoyne,2,2006-04-24,3
HSG-03083,Jigalong,Pilbara,8,1998-02-07,4
HSG-03084,Wongatha Wonganarra,Goldfields,7,2020-03-29,5
HSG-03085,Wongatha Wonganarra,Goldfields,5,2022-05-12,6
HSG-03086,Wakathuni,Pilbara,3,2012-04-04,6
HSG-03087,Warmun,Kimberley,4,2013-01-14,3
HSG-03088,Wongatha Wonganarra,Goldfields,6,2013-12-30,5
HSG-03089,Ardyaloon,Kimberley,5,2005-07-26,3
HSG-03090,Pia Wadjari,Mid West,9,2025-11-15,7
HSG-03091,Pia Wadjari,Mid West,7,2025-02-04,5
HSG-03092,Wakathuni,Pilbara,1,2020-06-27,9
HSG-03093,Yulga Jinna,Mid West,5,2012-06-28,4
HSG-03094,Coonana,Goldfields,6,2015-05-19,8
HSG-03095,Burringurrah,Gascoyne,5,2017-08-02,8
HSG-03096,Yandeyarra,Pilbara,7,2003-07-21,4
HSG-03097,Pia Wadjari,Mid West,4,2025-04-04,7
HSG-03098,Burringurrah,Gascoyne,1,2016-08-31,5
HSG-03099,Pia Wadjari,Mid West,2,2018-03-09,5
HSG-03100,Pia Wadjari,Mid West,4,2019-03-25,5
HSG-03101,Bidyadanga,Kimberley,4,2006-04-21,4
HSG-03102,Cheeditha,Pilbara,10,2015-08-13,9
HSG-03103,Mungullah,Mid West,2,2017-11-27,8
HSG-03104,Wongatha Wonganarra,Goldfields,4,2017-07-01,6
HSG-03105,Carnarvon Reserve,Gascoyne,5,2010-12-27,4
HSG-03106,Burringurrah,Gascoyne,7,2018-03-01,6
HSG-03107,Pia Wadjari,Mid West,4,2013-10-19,3
HSG-03108,Warmun,Kimberley,3,2012-11-30,3
HSG-03109,Yulga Jinna,Mid West,5,1997-02-14,3
HSG-03110,Mungullah,Mid West,4,2024-01-09,8
HSG-03111,Burringurrah,Gascoyne,8,2023-10-17,5
HSG-03112,Cheeditha,Pilbara,5,2018-01-19,9
HSG-03113,Mungullah,Mid West,6,2018-07-13,5
HSG-03114,Jigalong,Pilbara,2,2025-01-30,6
HSG-03115,Ardyaloon,Kimberley,7,2008-06-17,4
HSG-03116,Burringurrah,Gascoyne,6,2016-05-10,5
HSG-03117,Carnarvon Reserve,Gascoyne,5,2013-01-20,1
HSG-03118,Coonana,Goldfields,5,2014-08-29,7
HSG-03119,Kalumburu,Kimberley,4,2018-12-03,6
HSG-03120,Ardyaloon,Kimberley,3,2012-04-05,6
HSG-03121,Carnarvon Reserve,Gascoyne,5,2007-02-19,4
HSG-03122,Wongatha Wonganarra,Goldfields,8,2014-06-18,7
HSG-03123,Mungullah,Mid West,4,2013-01-08,6
HSG-03124,Yandeyarra,Pilbara,6,2015-07-26,7
HSG-03125,Tjuntjuntjara,Goldfields,1,2012-07-03,7
HSG-03126,Tjuntjuntjara,Goldfields,4,2016-07-17,5
HSG-03127,Beagle Bay,Kimberley,10,2015-05-10,6
HSG-03128,Coonana,Goldfields,4,1996-05-23,2
HSG-03129,Kalumburu,Kimberley,8,2007-12-25,3
HSG-03130,Burringurrah,Gascoyne,3,2019-11-19,5
HSG-03131,Carnarvon Reserve,Gascoyne,8,2021-11-16,7
HSG-03132,Ardyaloon,Kimberley,5,2018-08-15,6
HSG-03133,Burringurrah,Gascoyne,4,2022-09-02,6
HSG-03134,Kalumburu,Kimberley,5,2010-06-30,7
HSG-03135,Burringurrah,Gascoyne,7,2016-01-15,6
HSG-03136,Cheeditha,Pilbara,4,2018-12-14,7
HSG-03137,Cheeditha,Pilbara,5,2006-10-13,4
HSG-03138,Wongatha Wonganarra,Goldfields,4,2022-06-10,6
HSG-03139,Wakathuni,Pilbara,7,2012-11-28,5
HSG-03140,Bidyadanga,Kimberley,2,2023-11-26,6
HSG-03141,Yulga Jinna,Mid West,5,2018-10-14,6
HSG-03142,Mungullah,Mid West,7,2021-08-28,7
HSG-03143,Wakathuni,Pilbara,4,1995-07-01,4
HSG-03144,Cheeditha,Pilbara,3,2016-12-08,7
HSG-03145,Coonana,Goldfields,8,2023-11-02,5
HSG-03146,Yulga Jinna,Mid West,4,2021-08-09,8
HSG-03147,Yulga Jinna,Mid West,6,2020-02-28,6
HSG-03148,Mungullah,Mid West,2,2021-03-30,7
HSG-03149,Pia Wadjari,Mid West,3,1996-06-06,3
HSG-03150,Yulga Jinna,Mid West,4,2011-03-30,4
HSG-03151,Warmun,Kimberley,5,2013-06-13,3
HSG-03152,Yandeyarra,Pilbara,7,2021-09-09,8
HSG-03153,Burringurrah,Gascoyne,1,2012-12-02,7
HSG-03154,Wakathuni,Pilbara,3,2018-06-01,7
HSG-03155,Coonana,Goldfields,5,2015-12-11,6
HSG-03156,Carnarvon Reserve,Gascoyne,5,2025-04-22,8
HSG-03157,Tjuntjuntjara,Goldfields,2,2012-07-14,7
HSG-03158,Yulga Jinna,Mid West,7,2013-01-04,7
HSG-03159,Yulga Jinna,Mid West,10,2022-02-26,5
HSG-03160,Carnarvon Reserve,Gascoyne,7,2022-05-27,5
HSG-03161,Burringurrah,Gascoyne,8,2011-11-20,5
HSG-03162,Tjuntjuntjara,Goldfields,4,2020-09-12,8
HSG-03163,Burringurrah,Gascoyne,4,2011-02-04,3
HSG-03164,Tjuntjuntjara,Goldfields,4,2016-05-07,7
HSG-03165,Burringurrah,Gascoyne,8,2016-12-17,6
HSG-03166,Pia Wadjari,Mid West,8,2009-03-21,3
HSG-03167,Beagle Bay,Kimberley,4,2012-09-09,5
HSG-03168,Wongatha Wonganarra,Goldfields,5,2016-04-11,6
HSG-03169,Tjuntjuntjara,Goldfields,7,2021-03-31,5
HSG-03170,Tjuntjuntjara,Goldfields,5,2010-10-21,5
HSG-03171,Jigalong,Pilbara,3,2017-01-19,5
HSG-03172,Carnarvon Reserve,Gascoyne,5,2018-06-24,5
HSG-03173,Coonana,Goldfields,5,2023-02-14,6
HSG-03174,Carnarvon Reserve,Gascoyne,4,2025-07-27,8
HSG-03175,Kalumburu,Kimberley,2,1997-02-26,4
HSG-03176,Warmun,Kimberley,10,2013-11-24,4
HSG-03177,Cheeditha,Pilbara,2,2012-10-17,7
HSG-03178,Carnarvon Reserve,Gascoyne,1,2012-01-02,5
HSG-03179,Ardyaloon,Kimberley,10,1999-10-27,3
HSG-03180,Pia Wadjari,Mid West,1,2012-03-23,3
HSG-03181,Wongatha Wonganarra,Goldfields,7,2022-11-30,8
HSG-03182,Beagle Bay,Kimberley,4,2023-12-14,7
HSG-03183,Cheeditha,Pilbara,8,2017-10-11,9
HSG-03184,Carnarvon Reserve,Gascoyne,4,2004-05-15,1
HSG-03185,Mungullah,Mid West,3,2016-02-24,5
HSG-03186,Carnarvon Reserve,Gascoyne,4,2026-01-24,5
HSG-03187,Wakathuni,Pilbara,7,2018-06-21,8
HSG-03188,Cheeditha,Pilbara,5,2011-03-17,7
HSG-03189,Mungullah,Mid West,6,2011-01-09,6
HSG-03190,Jigalong,Pilbara,7,2023-09-08,6
HSG-03191,Yandeyarra,Pilbara,10,2001-05-01,3
HSG-03192,Yulga Jinna,Mid West,4,2019-06-02,5
HSG-03193,Yandeyarra,Pilbara,6,2012-06-14,8
HSG-03194,Wongatha Wonganarra,Goldfields,5,2001-07-16,3
HSG-03195,Carnarvon Reserve,Gascoyne,7,2014-09-27,7
HSG-03196,Carnarvon Reserve,Gascoyne,1,2017-02-02,5
HSG-03197,Wongatha Wonganarra,Goldfields,2,1998-09-28,4
HSG-03198,Yulga Jinna,Mid West,3,2014-08-27,7
HSG-03199,Pia Wadjari,Mid West,5,2011-02-10,3
HSG-03200,Bidyadanga,Kimberley,7,2000-10-19,3
HSG-03201,Coonana,Goldfields,6,2001-04-06,4
HSG-03202,Wakathuni,Pilbara,4,2015-06-28,6
HSG-03203,Bidyadanga,Kimberley,6,2013-06-06,8
HSG-03204,Wakathuni,Pilbara,5,2010-07-30,6
HSG-03205,Yulga Jinna,Mid West,4,2019-05-17,6
HSG-03206,Tjuntjuntjara,Goldfields,6,2019-11-03,5
HSG-03207,Kalumburu,Kimberley,1,2016-01-19,6
HSG-03208,Tjuntjuntjara,Goldfields,6,2001-10-21,4
HSG-03209,Pia Wadjari,Mid West,2,2018-05-04,8
HSG-03210,Tjuntjuntjara,Goldfields,6,2018-12-09,5
HSG-03211,Bidyadanga,Kimberley,2,1999-11-08,4
HSG-03212,Jigalong,Pilbara,8,2019-07-15,6
HSG-03213,Kalumburu,Kimberley,4,2016-03-26,6
HSG-03214,Carnarvon Reserve,Gascoyne,3,2025-11-16,8
HSG-03215,Bidyadanga,Kimberley,8,2014-08-22,5
HSG-03216,Ardyaloon,Kimberley,4,1998-02-18,1
HSG-03217,Wongatha Wonganarra,Goldfields,2,2008-03-14,3
HSG-03218,Burringurrah,Gascoyne,5,2019-01-03,5
HSG-03219,Cheeditha,Pilbara,2,2015-11-02,5
HSG-03220,Jigalong,Pilbara,6,2026-05-11,6
HSG-03221,Kalumburu,Kimberley,1,2022-09-16,5
HSG-03222,Pia Wadjari,Mid West,2,2025-03-10,7
HSG-03223,Tjuntjuntjara,Goldfields,7,2014-02-04,4
HSG-03224,Yandeyarra,Pilbara,3,2018-03-29,5
HSG-03225,Yulga Jinna,Mid West,1,2014-03-26,6
HSG-03226,Coonana,Goldfields,4,2024-04-22,7
HSG-03227,Burringurrah,Gascoyne,3,2014-05-25,4
HSG-03228,Carnarvon Reserve,Gascoyne,2,2010-08-05,4
HSG-03229,Mungullah,Mid West,2,2016-12-17,7
HSG-03230,Yulga Jinna,Mid West,3,2025-12-26,6
HSG-03231,Tjuntjuntjara,Goldfields,4,2008-04-12,3
HSG-03232,Wongatha Wonganarra,Goldfields,5,2010-11-22,7
HSG-03233,Tjuntjuntjara,Goldfields,2,2024-02-06,7
HSG-03234,Yulga Jinna,Mid West,3,2017-09-26,5
HSG-03235,Wongatha Wonganarra,Goldfields,6,1996-09-19,4
HSG-03236,Wakathuni,Pilbara,5,2025-09-17,5
HSG-03237,Pia Wadjari,Mid West,5,1997-04-11,1
HSG-03238,Mungullah,Mid West,1,2025-11-07,7
HSG-03239,Wakathuni,Pilbara,7,2002-10-03,4
HSG-03240,Carnarvon Reserve,Gascoyne,4,2016-12-12,6
HSG-03241,Yandeyarra,Pilbara,7,2010-08-19,2
HSG-03242,Jigalong,Pilbara,3,2010-08-03,5
HSG-03243,Yandeyarra,Pilbara,7,2021-11-05,10
HSG-03244,Burringurrah,Gascoyne,4,1997-08-19,3
HSG-03245,Yandeyarra,Pilbara,6,2011-01-24,8
HSG-03246,Pia Wadjari,Mid West,5,2004-03-18,4
HSG-03247,Bidyadanga,Kimberley,7,2013-05-30,7
HSG-03248,Wongatha Wonganarra,Goldfields,3,2019-08-17,6
HSG-03249,Yulga Jinna,Mid West,7,2010-12-24,8
HSG-03250,Cheeditha,Pilbara,5,2011-06-05,5
HSG-03251,Yulga Jinna,Mid West,8,1997-04-25,3
HSG-03252,Warmun,Kimberley,6,2011-11-22,3
HSG-03253,Yandeyarra,Pilbara,7,2020-09-06,5
HSG-03254,Beagle Bay,Kimberley,8,2019-10-19,6
HSG-03255,Ardyaloon,Kimberley,2,2012-09-21,8
HSG-03256,Wakathuni,Pilbara,8,2021-08-23,7
HSG-03257,Pia Wadjari,Mid West,3,2025-12-29,5
HSG-03258,Warmun,Kimberley,5,2004-06-22,4
HSG-03259,Wongatha Wonganarra,Goldfields,9,2015-07-22,6
HSG-03260,Wongatha Wonganarra,Goldfields,1,2021-03-19,6
HSG-03261,Wongatha Wonganarra,Goldfields,4,2019-07-21,5
HSG-03262,Wongatha Wonganarra,Goldfields,4,2017-10-02,7
HSG-03263,Mungullah,Mid West,7,2016-03-23,6
HSG-03264,Wakathuni,Pilbara,4,2025-12-18,5
HSG-03265,Mungullah,Mid West,5,2009-10-05,4
HSG-03266,Ardyaloon,Kimberley,6,2016-06-06,6
HSG-03267,Jigalong,Pilbara,8,2022-08-28,8
HSG-03268,Pia Wadjari,Mid West,3,2023-04-29,7
HSG-03269,Burringurrah,Gascoyne,3,2021-04-26,7
HSG-03270,Wongatha Wonganarra,Goldfields,4,1997-02-10,4
HSG-03271,Wongatha Wonganarra,Goldfields,6,2014-02-23,1
HSG-03272,Tjuntjuntjara,Goldfields,1,2012-08-06,5
HSG-03273,Tjuntjuntjara,Goldfields,5,2014-01-22,5
HSG-03274,Carnarvon Reserve,Gascoyne,2,2011-08-03,4
HSG-03275,Yandeyarra,Pilbara,6,2020-01-08,7
HSG-03276,Cheeditha,Pilbara,5,2023-03-27,8
HSG-03277,Burringurrah,Gascoyne,6,2003-08-14,4
HSG-03278,Burringurrah,Gascoyne,4,1999-02-18,3
HSG-03279,Yandeyarra,Pilbara,5,2019-02-10,8
HSG-03280,Kalumburu,Kimberley,7,2022-03-18,8
HSG-03281,Wakathuni,Pilbara,4,2025-12-15,8
HSG-03282,Ardyaloon,Kimberley,5,2021-09-11,8
HSG-03283,Pia Wadjari,Mid West,5,2010-12-17,7
HSG-03284,Wongatha Wonganarra,Goldfields,8,2023-01-27,5
HSG-03285,Burringurrah,Gascoyne,5,2013-11-16,8
HSG-03286,Pia Wadjari,Mid West,5,2004-09-09,3
HSG-03287,Wongatha Wonganarra,Goldfields,10,2023-07-25,5
HSG-03288,Jigalong,Pilbara,5,2017-06-01,8
HSG-03289,Wakathuni,Pilbara,4,1996-10-22,4
HSG-03290,Yulga Jinna,Mid West,6,2005-06-18,2
HSG-03291,Kalumburu,Kimberley,4,2012-07-03,6
HSG-03292,Coonana,Goldfields,4,2013-11-26,3
HSG-03293,Yulga Jinna,Mid West,9,2014-10-27,6
HSG-03294,Jigalong,Pilbara,8,2013-11-22,5
HSG-03295,Yandeyarra,Pilbara,3,2019-10-17,6
HSG-03296,Wongatha Wonganarra,Goldfields,5,2008-05-31,3
HSG-03297,Burringurrah,Gascoyne,8,2004-04-16,4
HSG-03298,Tjuntjuntjara,Goldfields,1,2025-07-23,8
HSG-03299,Coonana,Goldfields,4,2005-07-10,4
HSG-03300,Pia Wadjari,Mid West,1,2024-06-07,9
HSG-03301,Tjuntjuntjara,Goldfields,2,2024-08-10,6
HSG-03302,Warmun,Kimberley,7,2011-09-24,6
HSG-03303,Wakathuni,Pilbara,5,1997-04-13,2
HSG-03304,Bidyadanga,Kimberley,3,2025-07-20,6
HSG-03305,Jigalong,Pilbara,3,2022-04-18,6
HSG-03306,Mungullah,Mid West,6,2024-10-14,7
HSG-03307,Bidyadanga,Kimberley,2,2022-08-25,9
HSG-03308,Coonana,Goldfields,7,2025-12-10,5
HSG-03309,Wongatha Wonganarra,Goldfields,7,2020-08-03,10
HSG-03310,Wongatha Wonganarra,Goldfields,2,2025-06-23,5
HSG-03311,Pia Wadjari,Mid West,1,2025-04-26,6
HSG-03312,Jigalong,Pilbara,6,2018-04-19,5
HSG-03313,Wakathuni,Pilbara,4,2013-01-11,2
HSG-03314,Carnarvon Reserve,Gascoyne,6,2013-03-05,8
HSG-03315,Bidyadanga,Kimberley,4,2017-08-17,6
HSG-03316,Coonana,Goldfields,2,2015-10-06,6
HSG-03317,Carnarvon Reserve,Gascoyne,4,1995-10-12,4
HSG-03318,Ardyaloon,Kimberley,3,2024-02-26,5
HSG-03319,Beagle Bay,Kimberley,6,2003-08-06,3
HSG-03320,Beagle Bay,Kimberley,4,2026-02-07,5
HSG-03321,Tjuntjuntjara,Goldfields,3,2024-01-24,9
HSG-03322,Wongatha Wonganarra,Goldfields,3,2008-03-27,4
HSG-03323,Coonana,Goldfields,3,2013-06-05,9
HSG-03324,Coonana,Goldfields,6,2006-03-24,4
HSG-03325,Burringurrah,Gascoyne,7,2013-02-06,6
HSG-03326,Cheeditha,Pilbara,6,2020-03-01,5
HSG-03327,Tjuntjuntjara,Goldfields,3,2012-01-18,6
HSG-03328,Warmun,Kimberley,4,2014-08-09,9
HSG-03329,Tjuntjuntjara,Goldfields,2,2011-07-14,8
HSG-03330,Yandeyarra,Pilbara,5,2014-03-14,6
HSG-03331,Carnarvon Reserve,Gascoyne,7,2000-12-09,4
HSG-03332,Coonana,Goldfields,7,2003-06-11,1
HSG-03333,Burringurrah,Gascoyne,3,2011-09-13,4
HSG-03334,Cheeditha,Pilbara,2,2019-10-04,5
HSG-03335,Coonana,Goldfields,6,2022-09-08,7
HSG-03336,Wakathuni,Pilbara,6,2009-10-06,4
HSG-03337,Burringurrah,Gascoyne,6,2014-08-17,6
HSG-03338,Yulga Jinna,Mid West,7,2024-12-15,7
HSG-03339,Bidyadanga,Kimberley,5,2014-03-12,4
HSG-03340,Pia Wadjari,Mid West,4,2015-12-11,5
HSG-03341,Beagle Bay,Kimberley,4,2014-12-27,6
HSG-03342,Wakathuni,Pilbara,7,2021-05-19,5
HSG-03343,Yulga Jinna,Mid West,5,2011-08-03,6
HSG-03344,Burringurrah,Gascoyne,4,2001-10-05,4
HSG-03345,Cheeditha,Pilbara,1,2002-08-01,4
HSG-03346,Tjuntjuntjara,Goldfields,6,2002-01-02,4
HSG-03347,Beagle Bay,Kimberley,4,2022-10-27,6
HSG-03348,Pia Wadjari,Mid West,6,1995-11-13,4
HSG-03349,Carnarvon Reserve,Gascoyne,7,2020-09-10,8
HSG-03350,Cheeditha,Pilbara,3,1998-02-24,4
HSG-03351,Carnarvon Reserve,Gascoyne,8,2021-06-25,5
HSG-03352,Coonana,Goldfields,1,2011-12-26,3
HSG-03353,Cheeditha,Pilbara,4,1999-11-15,3
HSG-03354,Wakathuni,Pilbara,4,2025-06-26,6
HSG-03355,Jigalong,Pilbara,8,2020-12-27,5
HSG-03356,Coonana,Goldfields,7,2021-01-30,8
HSG-03357,Wakathuni,Pilbara,8,2024-01-25,6
HSG-03358,Cheeditha,Pilbara,1,2025-09-27,6
HSG-03359,Cheeditha,Pilbara,7,2022-10-01,5
HSG-03360,Burringurrah,Gascoyne,9,2019-10-02,7
HSG-03361,Pia Wadjari,Mid West,6,2019-04-12,7
HSG-03362,Mungullah,Mid West,6,2004-03-27,1
HSG-03363,Pia Wadjari,Mid West,4,2016-06-20,8
HSG-03364,Yulga Jinna,Mid West,3,2013-09-01,5
HSG-03365,Bidyadanga,Kimberley,3,2010-06-25,9
HSG-03366,Carnarvon Reserve,Gascoyne,9,2006-07-27,4
HSG-03367,Jigalong,Pilbara,5,2002-12-01,4
HSG-03368,Wongatha Wonganarra,Goldfields,6,2025-07-21,6
HSG-03369,Burringurrah,Gascoyne,7,2023-07-04,6
HSG-03370,Jigalong,Pilbara,10,1999-03-01,4
HSG-03371,Beagle Bay,Kimberley,1,2016-10-21,5
HSG-03372,Bidyadanga,Kimberley,2,2001-07-05,3
HSG-03373,Wakathuni,Pilbara,3,2010-01-08,4
HSG-03374,Tjuntjuntjara,Goldfields,3,2011-05-16,6
HSG-03375,Tjuntjuntjara,Goldfields,4,2021-03-08,5
HSG-03376,Yulga Jinna,Mid West,7,1998-04-12,4
HSG-03377,Mungullah,Mid West,4,2014-06-15,6
HSG-03378,Warmun,Kimberley,1,2014-03-11,1
HSG-03379,Coonana,Goldfields,6,2013-06-15,6
HSG-03380,Mungullah,Mid West,10,2010-07-03,6
HSG-03381,Pia Wadjari,Mid West,7,2024-12-25,5
HSG-03382,Pia Wadjari,Mid West,6,2022-07-25,9
HSG-03383,Yulga Jinna,Mid West,1,2014-10-02,6
HSG-03384,Wongatha Wonganarra,Goldfields,10,2015-04-05,6
HSG-03385,Wakathuni,Pilbara,9,1996-11-21,4
HSG-03386,Beagle Bay,Kimberley,5,2025-12-08,6
HSG-03387,Burringurrah,Gascoyne,1,2007-09-13,3
HSG-03388,Burringurrah,Gascoyne,3,2013-05-08,7
HSG-03389,Pia Wadjari,Mid West,7,2025-03-28,6
HSG-03390,Pia Wadjari,Mid West,7,2015-05-07,5
HSG-03391,Burringurrah,Gascoyne,8,2017-10-26,6
HSG-03392,Wongatha Wonganarra,Goldfields,5,2017-05-19,5
HSG-03393,Burringurrah,Gascoyne,7,2020-12-31,5
HSG-03394,Tjuntjuntjara,Goldfields,7,2013-10-16,3
HSG-03395,Tjuntjuntjara,Goldfields,3,2024-07-28,7
HSG-03396,Bidyadanga,Kimberley,5,2024-08-30,5
HSG-03397,Mungullah,Mid West,7,2009-04-20,4
HSG-03398,Carnarvon Reserve,Gascoyne,5,2022-03-17,8
HSG-03399,Pia Wadjari,Mid West,8,2017-12-06,8
HSG-03400,Yulga Jinna,Mid West,4,2018-09-05,8
HSG-03401,Burringurrah,Gascoyne,3,2013-04-23,4
HSG-03402,Tjuntjuntjara,Goldfields,1,2025-03-15,9
HSG-03403,Carnarvon Reserve,Gascoyne,3,2013-09-12,5
HSG-03404,Bidyadanga,Kimberley,3,2016-10-27,7
HSG-03405,Mungullah,Mid West,4,2009-01-22,3
HSG-03406,Warmun,Kimberley,6,2011-02-24,3
HSG-03407,Burringurrah,Gascoyne,3,2004-07-23,2
HSG-03408,Carnarvon Reserve,Gascoyne,2,2024-11-19,6
HSG-03409,Burringurrah,Gascoyne,1,2007-10-23,3
HSG-03410,Wongatha Wonganarra,Goldfields,5,2021-01-09,5
HSG-03411,Carnarvon Reserve,Gascoyne,9,2014-03-01,9
HSG-03412,Tjuntjuntjara,Goldfields,3,2025-11-02,7
HSG-03413,Yandeyarra,Pilbara,7,2000-07-03,4
HSG-03414,Cheeditha,Pilbara,2,2017-10-07,5
HSG-03415,Burringurrah,Gascoyne,5,2023-02-06,5
HSG-03416,Yandeyarra,Pilbara,6,2004-02-11,4
HSG-03417,Kalumburu,Kimberley,2,2016-06-01,6
HSG-03418,Burringurrah,Gascoyne,6,1995-11-03,3
HSG-03419,Burringurrah,Gascoyne,7,1996-11-18,2
HSG-03420,Yulga Jinna,Mid West,4,2025-12-05,5
HSG-03421,Tjuntjuntjara,Goldfields,4,2002-10-20,4
HSG-03422,Wakathuni,Pilbara,9,1999-02-18,4
HSG-03423,Carnarvon Reserve,Gascoyne,10,2014-01-22,6
HSG-03424,Mungullah,Mid West,5,2023-07-11,6
HSG-03425,Yulga Jinna,Mid West,10,2003-04-23,4
HSG-03426,Cheeditha,Pilbara,3,2005-01-05,4
HSG-03427,Tjuntjuntjara,Goldfields,5,2000-05-20,2
HSG-03428,Jigalong,Pilbara,5,2014-08-16,9
HSG-03429,Pia Wadjari,Mid West,5,2026-01-04,5
HSG-03430,Burringurrah,Gascoyne,4,2018-11-20,7
HSG-03431,Carnarvon Reserve,Gascoyne,3,2013-07-26,9
HSG-03432,Ardyaloon,Kimberley,9,2014-02-10,6
HSG-03433,Yandeyarra,Pilbara,5,2017-03-01,7
HSG-03434,Wakathuni,Pilbara,7,1996-11-08,4
HSG-03435,Coonana,Goldfields,4,2000-08-02,3
HSG-03436,Tjuntjuntjara,Goldfields,6,2014-07-14,7
HSG-03437,Bidyadanga,Kimberley,2,2014-02-06,5
HSG-03438,Pia Wadjari,Mid West,2,2000-01-10,4
HSG-03439,Mungullah,Mid West,6,2008-11-10,4
HSG-03440,Coonana,Goldfields,4,1996-12-16,3
HSG-03441,Yulga Jinna,Mid West,5,2020-06-15,5
HSG-03442,Warmun,Kimberley,3,2012-10-30,5
HSG-03443,Mungullah,Mid West,5,2013-07-20,4
HSG-03444,Jigalong,Pilbara,2,2023-07-28,9
HSG-03445,Burringurrah,Gascoyne,4,2025-12-14,5
HSG-03446,Carnarvon Reserve,Gascoyne,7,2020-08-12,10
HSG-03447,Yulga Jinna,Mid West,2,2023-11-22,6
HSG-03448,Kalumburu,Kimberley,3,2013-08-23,5
HSG-03449,Carnarvon Reserve,Gascoyne,3,2008-10-11,3
HSG-03450,Wongatha Wonganarra,Goldfields,5,2007-03-06,3
HSG-03451,Yulga Jinna,Mid West,7,2019-12-17,6
HSG-03452,Cheeditha,Pilbara,6,2024-05-14,5
HSG-03453,Wakathuni,Pilbara,4,2012-01-28,6
HSG-03454,Burringurrah,Gascoyne,2,2019-03-02,5
HSG-03455,Yulga Jinna,Mid West,3,2010-07-28,4
HSG-03456,Coonana,Goldfields,1,2018-10-07,8
HSG-03457,Ardyaloon,Kimberley,3,2024-06-14,8
HSG-03458,Yulga Jinna,Mid West,7,1998-11-20,3
HSG-03459,Warmun,Kimberley,3,2017-08-29,10
HSG-03460,Kalumburu,Kimberley,9,2025-10-17,5
HSG-03461,Yulga Jinna,Mid West,6,2013-01-03,4
HSG-03462,Yulga Jinna,Mid West,6,2012-11-27,4
HSG-03463,Yulga Jinna,Mid West,1,1997-07-18,3
HSG-03464,Pia Wadjari,Mid West,5,2011-04-10,3
HSG-03465,Cheeditha,Pilbara,5,1996-04-09,4
HSG-03466,Cheeditha,Pilbara,3,2012-06-30,7
HSG-03467,Coonana,Goldfields,6,2018-09-26,5
HSG-03468,Cheeditha,Pilbara,7,2022-12-13,6
HSG-03469,Warmun,Kimberley,8,2011-01-28,5
HSG-03470,Tjuntjuntjara,Goldfields,4,2004-06-16,3
HSG-03471,Pia Wadjari,Mid West,4,2011-06-09,7
HSG-03472,Wongatha Wonganarra,Goldfields,8,2017-07-31,7
HSG-03473,Beagle Bay,Kimberley,1,2021-09-05,7
HSG-03474,Coonana,Goldfields,1,2018-11-23,7
HSG-03475,Burringurrah,Gascoyne,4,2016-12-25,7
HSG-03476,Cheeditha,Pilbara,2,2010-10-20,8
HSG-03477,Coonana,Goldfields,2,2010-03-19,4
HSG-03478,Burringurrah,Gascoyne,3,2002-01-24,2
HSG-03479,Yandeyarra,Pilbara,5,2019-08-06,9
HSG-03480,Coonana,Goldfields,10,2026-01-17,6
HSG-03481,Wongatha Wonganarra,Goldfields,7,2013-09-30,6
HSG-03482,Carnarvon Reserve,Gascoyne,6,2014-07-07,5
HSG-03483,Cheeditha,Pilbara,5,2014-11-20,6
HSG-03484,Yulga Jinna,Mid West,4,2020-09-04,5
HSG-03485,Mungullah,Mid West,5,2010-11-20,7
HSG-03486,Ardyaloon,Kimberley,3,2016-02-06,5
HSG-03487,Coonana,Goldfields,9,2019-03-16,8
HSG-03488,Wongatha Wonganarra,Goldfields,8,2022-07-02,6
HSG-03489,Cheeditha,Pilbara,6,2010-10-10,7
HSG-03490,Carnarvon Reserve,Gascoyne,8,1998-02-09,2
HSG-03491,Cheeditha,Pilbara,2,2024-11-06,8
HSG-03492,Bidyadanga,Kimberley,4,1998-05-02,4
HSG-03493,Wongatha Wonganarra,Goldfields,2,2024-05-01,5
HSG-03494,Yulga Jinna,Mid West,2,2019-01-26,9
HSG-03495,Wongatha Wonganarra,Goldfields,5,2020-06-11,5
HSG-03496,Jigalong,Pilbara,6,2012-03-03,7
HSG-03497,Kalumburu,Kimberley,7,2017-08-22,7
HSG-03498,Coonana,Goldfields,4,2020-04-28,5
HSG-03499,Cheeditha,Pilbara,7,2025-02-12,5
HSG-03500,Jigalong,Pilbara,5,2010-10-08,6
HSG-03501,Kalumburu,Kimberley,7,2012-12-20,2
HSG-03502,Beagle Bay,Kimberley,7,2011-04-04,5
HSG-03503,Mungullah,Mid West,7,2011-02-21,7
HSG-03504,Kalumburu,Kimberley,9,2019-07-29,8
HSG-03505,Pia Wadjari,Mid West,8,2025-08-05,8
HSG-03506,Mungullah,Mid West,6,2011-07-08,6
HSG-03507,Wakathuni,Pilbara,7,2026-01-21,7
HSG-03508,Yulga Jinna,Mid West,4,2017-09-21,6
HSG-03509,Cheeditha,Pilbara,5,1997-10-01,4
HSG-03510,Burringurrah,Gascoyne,8,2017-01-16,6
HSG-03511,Carnarvon Reserve,Gascoyne,10,2004-01-15,3
HSG-03512,Burringurrah,Gascoyne,4,2012-04-05,6
HSG-03513,Wakathuni,Pilbara,8,2025-12-17,6
HSG-03514,Burringurrah,Gascoyne,6,1999-03-14,3
HSG-03515,Yandeyarra,Pilbara,2,2012-06-22,6
HSG-03516,Coonana,Goldfields,2,2011-12-09,5
HSG-03517,Carnarvon Reserve,Gascoyne,6,2008-04-08,4
HSG-03518,Jigalong,Pilbara,9,2016-09-17,8
HSG-03519,Tjuntjuntjara,Goldfields,2,1997-10-07,4
HSG-03520,Bidyadanga,Kimberley,1,2007-08-15,4
HSG-03521,Cheeditha,Pilbara,7,2021-02-21,5
HSG-03522,Mungullah,Mid West,6,2008-07-25,3
HSG-03523,Cheeditha,Pilbara,7,2010-07-03,5
HSG-03524,Burringurrah,Gascoyne,5,2018-02-03,5
HSG-03525,Tjuntjuntjara,Goldfields,2,2004-11-26,3
HSG-03526,Cheeditha,Pilbara,7,2015-12-02,6
HSG-03527,Tjuntjuntjara,Goldfields,7,2016-10-26,6
HSG-03528,Burringurrah,Gascoyne,5,2001-06-02,2
HSG-03529,Mungullah,Mid West,4,2012-12-02,5
HSG-03530,Wakathuni,Pilbara,9,2018-05-22,7
HSG-03531,Jigalong,Pilbara,8,2018-01-01,7
HSG-03532,Coonana,Goldfields,3,2015-10-26,6
HSG-03533,Pia Wadjari,Mid West,6,1996-08-23,4
HSG-03534,Jigalong,Pilbara,4,2012-01-13,5
HSG-03535,Ardyaloon,Kimberley,9,2007-03-13,2
HSG-03536,Wongatha Wonganarra,Goldfields,8,1998-08-06,4
HSG-03537,Mungullah,Mid West,2,2013-06-14,8
HSG-03538,Mungullah,Mid West,7,2017-07-25,8
HSG-03539,Burringurrah,Gascoyne,7,2025-04-08,9
HSG-03540,Bidyadanga,Kimberley,6,2017-08-29,5
HSG-03541,Tjuntjuntjara,Goldfields,6,2017-04-05,8
HSG-03542,Mungullah,Mid West,3,2011-12-18,4
HSG-03543,Mungullah,Mid West,4,2009-08-05,2
HSG-03544,Wongatha Wonganarra,Goldfields,5,2007-08-20,2
HSG-03545,Warmun,Kimberley,5,2018-12-15,7
HSG-03546,Burringurrah,Gascoyne,4,2016-06-12,9
HSG-03547,Beagle Bay,Kimberley,2,2023-06-06,8
HSG-03548,Tjuntjuntjara,Goldfields,6,2000-02-16,2
HSG-03549,Cheeditha,Pilbara,10,2012-02-06,5
HSG-03550,Pia Wadjari,Mid West,3,2004-02-23,3
HSG-03551,Tjuntjuntjara,Goldfields,5,2026-03-19,5
HSG-03552,Warmun,Kimberley,5,2012-11-11,5
HSG-03553,Mungullah,Mid West,6,2024-09-09,5
HSG-03554,Coonana,Goldfields,1,2013-05-16,5
HSG-03555,Burringurrah,Gascoyne,1,2011-01-09,6
HSG-03556,Burringurrah,Gascoyne,3,2024-04-21,6
HSG-03557,Carnarvon Reserve,Gascoyne,8,1997-04-09,4
HSG-03558,Carnarvon Reserve,Gascoyne,7,2023-08-10,5
HSG-03559,Yulga Jinna,Mid West,9,2020-04-23,5
HSG-03560,Pia Wadjari,Mid West,3,2011-10-14,7
HSG-03561,Cheeditha,Pilbara,4,2012-02-29,4
HSG-03562,Burringurrah,Gascoyne,4,2011-09-05,5
HSG-03563,Mungullah,Mid West,8,2001-08-14,2
HSG-03564,Coonana,Goldfields,5,2014-05-23,7
HSG-03565,Beagle Bay,Kimberley,5,2015-10-26,8
HSG-03566,Cheeditha,Pilbara,5,2018-08-05,5
HSG-03567,Wongatha Wonganarra,Goldfields,6,2011-07-03,6
HSG-03568,Cheeditha,Pilbara,4,2022-02-23,6
HSG-03569,Jigalong,Pilbara,4,2005-03-03,4
HSG-03570,Ardyaloon,Kimberley,4,2025-03-25,8
HSG-03571,Burringurrah,Gascoyne,1,2023-12-14,6
HSG-03572,Coonana,Goldfields,5,2008-02-20,2
HSG-03573,Coonana,Goldfields,6,2013-01-14,6
HSG-03574,Jigalong,Pilbara,6,2003-05-22,1
HSG-03575,Wakathuni,Pilbara,8,2010-11-22,4
HSG-03576,Warmun,Kimberley,7,2019-11-18,7
HSG-03577,Warmun,Kimberley,3,2011-11-10,7
HSG-03578,Jigalong,Pilbara,4,2001-08-06,2
HSG-03579,Ardyaloon,Kimberley,8,2008-09-16,4
HSG-03580,Carnarvon Reserve,Gascoyne,3,2021-02-12,5
HSG-03581,Warmun,Kimberley,6,2014-12-21,5
HSG-03582,Mungullah,Mid West,6,2008-04-17,3
HSG-03583,Burringurrah,Gascoyne,3,2011-01-23,5
HSG-03584,Carnarvon Reserve,Gascoyne,9,2012-05-24,5
HSG-03585,Warmun,Kimberley,7,2012-11-09,6
HSG-03586,Bidyadanga,Kimberley,4,2014-12-25,5
HSG-03587,Warmun,Kimberley,5,2017-02-03,7
HSG-03588,Warmun,Kimberley,8,2011-05-25,6
HSG-03589,Wongatha Wonganarra,Goldfields,8,2004-05-11,4
HSG-03590,Jigalong,Pilbara,4,2008-08-17,4
HSG-03591,Beagle Bay,Kimberley,6,2022-03-20,5
HSG-03592,Mungullah,Mid West,7,2012-07-31,4
HSG-03593,Cheeditha,Pilbara,5,2014-07-20,7
HSG-03594,Mungullah,Mid West,1,2013-03-05,9
HSG-03595,Jigalong,Pilbara,4,2008-11-28,2
HSG-03596,Beagle Bay,Kimberley,5,2025-09-17,6
HSG-03597,Cheeditha,Pilbara,5,2013-07-16,7
HSG-03598,Tjuntjuntjara,Goldfields,7,2016-05-17,6
HSG-03599,Bidyadanga,Kimberley,6,2025-10-01,5
HSG-03600,Beagle Bay,Kimberley,9,2001-05-12,3
HSG-03601,Burringurrah,Gascoyne,5,2021-03-11,6
HSG-03602,Ardyaloon,Kimberley,7,2003-02-10,4
HSG-03603,Warmun,Kimberley,1,2024-04-02,6
HSG-03604,Pia Wadjari,Mid West,6,2012-08-31,8
HSG-03605,Mungullah,Mid West,2,2025-12-21,8
HSG-03606,Pia Wadjari,Mid West,10,2018-03-27,5
HSG-03607,Wongatha Wonganarra,Goldfields,2,2014-07-22,5
HSG-03608,Warmun,Kimberley,5,2010-08-14,7
HSG-03609,Jigalong,Pilbara,4,2018-09-10,8
HSG-03610,Jigalong,Pilbara,3,2006-07-01,2
HSG-03611,Ardyaloon,Kimberley,7,2002-01-11,1
HSG-03612,Carnarvon Reserve,Gascoyne,5,2019-02-05,10
HSG-03613,Coonana,Goldfields,5,2004-12-17,3
HSG-03614,Yulga Jinna,Mid West,5,2018-03-25,5
HSG-03615,Tjuntjuntjara,Goldfields,5,2014-06-28,7
HSG-03616,Yandeyarra,Pilbara,3,2013-07-13,9
HSG-03617,Beagle Bay,Kimberley,6,2021-05-23,7
HSG-03618,Yandeyarra,Pilbara,4,2019-03-10,8
HSG-03619,Pia Wadjari,Mid West,4,2025-08-10,6
HSG-03620,Pia Wadjari,Mid West,3,2003-02-28,4
HSG-03621,Burringurrah,Gascoyne,7,2012-02-13,5
HSG-03622,Yulga Jinna,Mid West,3,2005-08-28,4
HSG-03623,Mungullah,Mid West,7,2005-07-03,4
HSG-03624,Burringurrah,Gascoyne,5,2016-02-26,6
HSG-03625,Tjuntjuntjara,Goldfields,1,1998-08-28,3
HSG-03626,Yulga Jinna,Mid West,6,2010-06-25,4
HSG-03627,Wongatha Wonganarra,Goldfields,7,2018-04-29,7
HSG-03628,Tjuntjuntjara,Goldfields,7,2025-08-24,9
HSG-03629,Yandeyarra,Pilbara,5,2018-10-09,7
HSG-03630,Ardyaloon,Kimberley,4,2017-03-28,10
HSG-03631,Tjuntjuntjara,Goldfields,9,2011-10-22,6
HSG-03632,Carnarvon Reserve,Gascoyne,6,2020-11-08,8
HSG-03633,Carnarvon Reserve,Gascoyne,5,2009-06-19,4
HSG-03634,Yandeyarra,Pilbara,7,2019-12-01,6
HSG-03635,Carnarvon Reserve,Gascoyne,5,1995-09-08,4
HSG-03636,Carnarvon Reserve,Gascoyne,1,2014-08-29,6
HSG-03637,Jigalong,Pilbara,7,2015-03-12,5
HSG-03638,Beagle Bay,Kimberley,8,2007-03-18,4
HSG-03639,Burringurrah,Gascoyne,3,2020-01-09,5
HSG-03640,Warmun,Kimberley,5,2016-11-13,7
HSG-03641,Burringurrah,Gascoyne,3,2010-10-06,8
HSG-03642,Coonana,Goldfields,9,2017-05-31,5
HSG-03643,Bidyadanga,Kimberley,8,1996-06-28,4
HSG-03644,Coonana,Goldfields,7,2024-04-29,7
HSG-03645,Mungullah,Mid West,7,2021-09-26,5
HSG-03646,Jigalong,Pilbara,1,2002-03-15,4
HSG-03647,Pia Wadjari,Mid West,4,1996-02-27,4
HSG-03648,Cheeditha,Pilbara,5,2024-02-04,5
HSG-03649,Coonana,Goldfields,3,2002-04-02,4
HSG-03650,Carnarvon Reserve,Gascoyne,3,2019-10-16,8
HSG-03651,Cheeditha,Pilbara,4,2016-05-26,5
HSG-03652,Kalumburu,Kimberley,4,2016-09-05,6
HSG-03653,Kalumburu,Kimberley,6,1999-02-07,1
HSG-03654,Pia Wadjari,Mid West,7,2022-08-26,8
HSG-03655,Burringurrah,Gascoyne,3,2010-04-27,4
HSG-03656,Tjuntjuntjara,Goldfields,4,2012-11-18,4
HSG-03657,Coonana,Goldfields,5,1999-10-30,2
HSG-03658,Carnarvon Reserve,Gascoyne,3,2011-01-04,8
HSG-03659,Yandeyarra,Pilbara,3,2023-07-26,8
HSG-03660,Burringurrah,Gascoyne,6,2006-06-28,2
HSG-03661,Yulga Jinna,Mid West,6,2012-10-29,5
HSG-03662,Ardyaloon,Kimberley,4,2018-01-10,6
HSG-03663,Wongatha Wonganarra,Goldfields,6,2015-10-30,7
HSG-03664,Tjuntjuntjara,Goldfields,8,2024-05-23,6
HSG-03665,Warmun,Kimberley,2,2018-08-05,5
HSG-03666,Mungullah,Mid West,10,2012-06-26,7
HSG-03667,Coonana,Goldfields,10,2010-08-19,8
HSG-03668,Burringurrah,Gascoyne,6,2014-05-11,6
HSG-03669,Carnarvon Reserve,Gascoyne,5,1995-07-12,2
HSG-03670,Kalumburu,Kimberley,5,2023-03-31,8
HSG-03671,Cheeditha,Pilbara,4,2012-11-12,6
HSG-03672,Bidyadanga,Kimberley,7,1999-10-13,4
HSG-03673,Carnarvon Reserve,Gascoyne,4,2001-07-18,4
HSG-03674,Yulga Jinna,Mid West,3,2014-02-11,3
HSG-03675,Carnarvon Reserve,Gascoyne,3,2025-07-11,8
HSG-03676,Coonana,Goldfields,3,2016-11-01,6
HSG-03677,Warmun,Kimberley,4,2017-11-29,8
HSG-03678,Tjuntjuntjara,Goldfields,8,2019-01-10,7
HSG-03679,Mungullah,Mid West,6,2015-10-10,5
HSG-03680,Coonana,Goldfields,2,2019-08-19,9
HSG-03681,Burringurrah,Gascoyne,3,2013-12-05,7
HSG-03682,Wakathuni,Pilbara,7,2023-12-11,5
HSG-03683,Wongatha Wonganarra,Goldfields,7,2018-12-20,7
HSG-03684,Coonana,Goldfields,9,2023-07-07,5
HSG-03685,Pia Wadjari,Mid West,2,2010-07-10,5
HSG-03686,Wakathuni,Pilbara,5,2020-01-16,6
HSG-03687,Pia Wadjari,Mid West,4,2003-10-23,2
HSG-03688,Coonana,Goldfields,6,2020-12-16,9
HSG-03689,Ardyaloon,Kimberley,6,2019-08-07,7
HSG-03690,Wongatha Wonganarra,Goldfields,6,2016-08-18,6
HSG-03691,Carnarvon Reserve,Gascoyne,7,2013-07-20,6
HSG-03692,Beagle Bay,Kimberley,4,2012-04-16,4
HSG-03693,Burringurrah,Gascoyne,4,2018-03-18,6
HSG-03694,Wongatha Wonganarra,Goldfields,4,2014-11-10,6
HSG-03695,Wakathuni,Pilbara,6,2022-12-31,7
HSG-03696,Carnarvon Reserve,Gascoyne,8,2016-02-06,6
HSG-03697,Mungullah,Mid West,2,2018-08-24,5
HSG-03698,Cheeditha,Pilbara,5,2013-09-21,2
HSG-03699,Jigalong,Pilbara,8,2019-02-05,6
HSG-03700,Yulga Jinna,Mid West,6,2020-03-17,8
HSG-03701,Bidyadanga,Kimberley,4,2019-05-21,7
HSG-03702,Burringurrah,Gascoyne,5,2011-11-02,5
HSG-03703,Carnarvon Reserve,Gascoyne,3,2013-02-26,8
HSG-03704,Burringurrah,Gascoyne,4,2014-01-19,7
HSG-03705,Tjuntjuntjara,Goldfields,1,2012-11-24,8
HSG-03706,Coonana,Goldfields,7,2015-08-29,6
HSG-03707,Coonana,Goldfields,5,2021-12-17,6
HSG-03708,Jigalong,Pilbara,10,2010-09-16,2
HSG-03709,Yulga Jinna,Mid West,7,2004-04-11,4
HSG-03710,Carnarvon Reserve,Gascoyne,5,2014-06-07,5
HSG-03711,Carnarvon Reserve,Gascoyne,4,2012-01-16,5
HSG-03712,Carnarvon Reserve,Gascoyne,3,2011-07-21,7
HSG-03713,Pia Wadjari,Mid West,1,2013-04-29,6
HSG-03714,Yandeyarra,Pilbara,4,1996-10-19,3
HSG-03715,Carnarvon Reserve,Gascoyne,5,2002-10-03,3
HSG-03716,Yandeyarra,Pilbara,5,2003-05-02,3
HSG-03717,Wongatha Wonganarra,Goldfields,6,2006-05-20,4
HSG-03718,Burringurrah,Gascoyne,4,2012-06-06,6
HSG-03719,Wakathuni,Pilbara,3,2019-06-27,5
HSG-03720,Pia Wadjari,Mid West,2,2016-12-13,7
HSG-03721,Wakathuni,Pilbara,9,2021-08-27,10
HSG-03722,Burringurrah,Gascoyne,5,2025-07-21,7
HSG-03723,Bidyadanga,Kimberley,1,2023-04-24,8
HSG-03724,Carnarvon Reserve,Gascoyne,7,2013-03-11,5
HSG-03725,Jigalong,Pilbara,8,2021-02-27,5
HSG-03726,Warmun,Kimberley,4,2022-12-12,6
HSG-03727,Ardyaloon,Kimberley,3,2013-08-12,7
HSG-03728,Pia Wadjari,Mid West,3,2001-06-13,4
HSG-03729,Mungullah,Mid West,3,2016-02-28,7
HSG-03730,Bidyadanga,Kimberley,4,2003-03-06,3
HSG-03731,Pia Wadjari,Mid West,4,2011-04-17,5
HSG-03732,Cheeditha,Pilbara,2,2002-02-22,3
HSG-03733,Cheeditha,Pilbara,10,2011-12-11,4
HSG-03734,Mungullah,Mid West,4,2018-05-21,5
HSG-03735,Carnarvon Reserve,Gascoyne,4,2024-06-14,7
HSG-03736,Coonana,Goldfields,7,2021-05-30,5
HSG-03737,Carnarvon Reserve,Gascoyne,2,2025-12-13,8
HSG-03738,Pia Wadjari,Mid West,5,2025-08-12,9
HSG-03739,Burringurrah,Gascoyne,1,2024-03-02,6
HSG-03740,Wakathuni,Pilbara,9,2020-08-29,5
HSG-03741,Cheeditha,Pilbara,5,2022-06-15,6
HSG-03742,Cheeditha,Pilbara,4,2020-10-17,5
HSG-03743,Jigalong,Pilbara,4,2000-05-20,4
HSG-03744,Carnarvon Reserve,Gascoyne,8,2022-12-22,6
HSG-03745,Coonana,Goldfields,6,2014-06-17,7
HSG-03746,Jigalong,Pilbara,4,2010-09-21,4
HSG-03747,Jigalong,Pilbara,4,2015-10-12,6
HSG-03748,Burringurrah,Gascoyne,3,2012-04-03,5
HSG-03749,Carnarvon Reserve,Gascoyne,4,2016-01-26,9
HSG-03750,Coonana,Goldfields,1,2018-09-22,5
HSG-03751,Wakathuni,Pilbara,9,2024-11-27,6
HSG-03752,Warmun,Kimberley,7,2022-09-06,6
HSG-03753,Bidyadanga,Kimberley,4,1997-08-21,1
HSG-03754,Burringurrah,Gascoyne,5,1996-07-11,4
HSG-03755,Cheeditha,Pilbara,3,2016-03-23,5
HSG-03756,Mungullah,Mid West,9,2016-07-15,10
HSG-03757,Pia Wadjari,Mid West,5,2012-11-20,5
HSG-03758,Warmun,Kimberley,2,2025-09-20,6
HSG-03759,Bidyadanga,Kimberley,9,2010-07-25,5
HSG-03760,Pia Wadjari,Mid West,1,2011-01-06,7
HSG-03761,Kalumburu,Kimberley,7,2013-02-25,3
HSG-03762,Bidyadanga,Kimberley,5,2020-07-06,6
HSG-03763,Wongatha Wonganarra,Goldfields,5,2012-09-01,4
HSG-03764,Ardyaloon,Kimberley,7,2016-11-15,5
HSG-03765,Cheeditha,Pilbara,2,1997-05-10,2
HSG-03766,Yulga Jinna,Mid West,8,2020-09-12,7
HSG-03767,Wongatha Wonganarra,Goldfields,5,2025-02-09,5
HSG-03768,Warmun,Kimberley,4,2009-02-09,4
HSG-03769,Coonana,Goldfields,4,2007-09-23,2
HSG-03770,Yandeyarra,Pilbara,3,2024-11-15,5
HSG-03771,Yandeyarra,Pilbara,6,2017-05-29,5
HSG-03772,Cheeditha,Pilbara,7,2020-11-12,8
HSG-03773,Cheeditha,Pilbara,7,2014-05-10,6
HSG-03774,Jigalong,Pilbara,5,2006-07-20,4
HSG-03775,Tjuntjuntjara,Goldfields,7,2017-02-16,9
HSG-03776,Tjuntjuntjara,Goldfields,6,2025-10-29,9
HSG-03777,Pia Wadjari,Mid West,2,2006-02-26,3
HSG-03778,Pia Wadjari,Mid West,7,2025-07-13,6
HSG-03779,Mungullah,Mid West,8,2012-03-28,5
HSG-03780,Yandeyarra,Pilbara,3,2023-04-01,5
HSG-03781,Wakathuni,Pilbara,2,2012-02-29,3
HSG-03782,Burringurrah,Gascoyne,7,2021-01-19,7
HSG-03783,Pia Wadjari,Mid West,6,1997-01-10,2
HSG-03784,Wongatha Wonganarra,Goldfields,4,2006-04-09,3
HSG-03785,Warmun,Kimberley,8,2008-04-19,4
HSG-03786,Burringurrah,Gascoyne,3,2020-03-26,6
HSG-03787,Carnarvon Reserve,Gascoyne,4,2010-09-30,8
HSG-03788,Ardyaloon,Kimberley,3,2007-05-15,3
HSG-03789,Mungullah,Mid West,1,2023-06-09,5
HSG-03790,Beagle Bay,Kimberley,4,2000-07-24,3
HSG-03791,Tjuntjuntjara,Goldfields,8,2021-10-16,7
HSG-03792,Carnarvon Reserve,Gascoyne,5,2020-02-13,8
HSG-03793,Coonana,Goldfields,6,1996-05-29,4
HSG-03794,Cheeditha,Pilbara,3,2018-03-03,7
HSG-03795,Tjuntjuntjara,Goldfields,6,2019-07-06,6
HSG-03796,Warmun,Kimberley,3,2014-03-15,7
HSG-03797,Wongatha Wonganarra,Goldfields,3,2024-02-04,5
HSG-03798,Jigalong,Pilbara,8,2003-07-03,4
HSG-03799,Mungullah,Mid West,2,2000-04-30,4
HSG-03800,Cheeditha,Pilbara,7,2021-03-18,6
HSG-03801,Burringurrah,Gascoyne,5,2025-04-02,5
HSG-03802,Warmun,Kimberley,6,1997-09-05,4
HSG-03803,Kalumburu,Kimberley,6,2008-12-20,4
HSG-03804,Coonana,Goldfields,3,2010-04-10,4
HSG-03805,Yandeyarra,Pilbara,4,2014-05-31,5
HSG-03806,Carnarvon Reserve,Gascoyne,6,2001-08-18,1
HSG-03807,Beagle Bay,Kimberley,3,2024-08-14,5
HSG-03808,Carnarvon Reserve,Gascoyne,8,2013-07-04,4
HSG-03809,Yulga Jinna,Mid West,5,2014-01-08,8
HSG-03810,Burringurrah,Gascoyne,2,2012-02-01,6
HSG-03811,Yulga Jinna,Mid West,3,2017-12-06,5
HSG-03812,Pia Wadjari,Mid West,3,2009-10-13,4
HSG-03813,Burringurrah,Gascoyne,10,2019-03-19,7
HSG-03814,Wongatha Wonganarra,Goldfields,7,2020-11-13,6
HSG-03815,Coonana,Goldfields,1,2015-05-22,6
HSG-03816,Pia Wadjari,Mid West,7,2010-05-12,4
HSG-03817,Pia Wadjari,Mid West,7,2018-11-07,7
HSG-03818,Cheeditha,Pilbara,9,2019-11-05,5
HSG-03819,Pia Wadjari,Mid West,3,2011-10-14,5
HSG-03820,Pia Wadjari,Mid West,8,1999-12-01,2
HSG-03821,Tjuntjuntjara,Goldfields,1,2014-03-25,6
HSG-03822,Carnarvon Reserve,Gascoyne,4,2019-02-09,6
HSG-03823,Jigalong,Pilbara,7,2014-10-07,5
HSG-03824,Burringurrah,Gascoyne,1,2014-07-07,9
HSG-03825,Coonana,Goldfields,3,2002-03-24,4
HSG-03826,Mungullah,Mid West,7,2011-12-31,5
HSG-03827,Burringurrah,Gascoyne,5,2025-02-16,6
HSG-03828,Cheeditha,Pilbara,7,2020-06-27,5
HSG-03829,Yulga Jinna,Mid West,8,2001-03-04,2
HSG-03830,Mungullah,Mid West,7,2007-11-18,4
HSG-03831,Carnarvon Reserve,Gascoyne,8,2017-06-17,6
HSG-03832,Carnarvon Reserve,Gascoyne,4,2013-08-11,7
HSG-03833,Jigalong,Pilbara,7,2012-12-21,7
HSG-03834,Mungullah,Mid West,3,2021-09-23,5
HSG-03835,Wongatha Wonganarra,Goldfields,5,2024-06-17,5
HSG-03836,Ardyaloon,Kimberley,7,2012-05-22,2
HSG-03837,Ardyaloon,Kimberley,6,2016-04-15,5
HSG-03838,Tjuntjuntjara,Goldfields,3,2008-03-17,4
HSG-03839,Cheeditha,Pilbara,5,2011-11-29,1
HSG-03840,Burringurrah,Gascoyne,3,1995-10-21,4
HSG-03841,Pia Wadjari,Mid West,6,2009-01-05,4
HSG-03842,Coonana,Goldfields,5,2021-03-14,8
HSG-03843,Wakathuni,Pilbara,7,2022-08-31,7
HSG-03844,Burringurrah,Gascoyne,4,2020-08-16,6
HSG-03845,Burringurrah,Gascoyne,4,2017-06-12,5
HSG-03846,Yandeyarra,Pilbara,6,2009-10-18,4
HSG-03847,Ardyaloon,Kimberley,8,2021-11-16,5
HSG-03848,Pia Wadjari,Mid West,6,2011-03-07,8
HSG-03849,Kalumburu,Kimberley,7,2002-10-22,3
HSG-03850,Carnarvon Reserve,Gascoyne,6,2012-05-22,7
HSG-03851,Yulga Jinna,Mid West,7,1995-12-12,3
HSG-03852,Coonana,Goldfields,4,2015-04-27,7
HSG-03853,Jigalong,Pilbara,3,2016-06-19,5
HSG-03854,Mungullah,Mid West,8,2022-06-22,5
HSG-03855,Cheeditha,Pilbara,3,2004-06-04,4
HSG-03856,Bidyadanga,Kimberley,6,1999-05-28,3
HSG-03857,Burringurrah,Gascoyne,4,2020-11-25,6
HSG-03858,Coonana,Goldfields,8,2017-09-07,7
HSG-03859,Warmun,Kimberley,3,2016-03-07,8
HSG-03860,Beagle Bay,Kimberley,4,2005-01-20,3
HSG-03861,Pia Wadjari,Mid West,5,2016-05-11,8
HSG-03862,Wongatha Wonganarra,Goldfields,5,2011-06-30,6
HSG-03863,Bidyadanga,Kimberley,9,1997-05-20,3
HSG-03864,Yandeyarra,Pilbara,2,1996-05-27,3
HSG-03865,Tjuntjuntjara,Goldfields,6,2019-10-03,6
HSG-03866,Pia Wadjari,Mid West,8,2024-06-08,6
HSG-03867,Wongatha Wonganarra,Goldfields,4,2013-12-12,6
HSG-03868,Wongatha Wonganarra,Goldfields,5,2000-11-08,2
HSG-03869,Coonana,Goldfields,10,2015-01-19,6
HSG-03870,Carnarvon Reserve,Gascoyne,5,2011-01-09,7
HSG-03871,Coonana,Goldfields,7,2011-06-24,5
HSG-03872,Bidyadanga,Kimberley,4,2023-05-19,7
HSG-03873,Yandeyarra,Pilbara,6,2007-04-26,4
HSG-03874,Cheeditha,Pilbara,8,2024-03-12,6
HSG-03875,Carnarvon Reserve,Gascoyne,7,2024-04-21,8
HSG-03876,Ardyaloon,Kimberley,5,2015-07-20,6
HSG-03877,Beagle Bay,Kimberley,7,1995-07-21,4
HSG-03878,Yulga Jinna,Mid West,5,2015-06-26,6
HSG-03879,Kalumburu,Kimberley,3,2023-05-02,10
HSG-03880,Jigalong,Pilbara,2,2012-02-27,3
HSG-03881,Ardyaloon,Kimberley,8,2025-10-20,7
HSG-03882,Jigalong,Pilbara,3,2025-04-19,7
HSG-03883,Pia Wadjari,Mid West,8,2019-09-30,5
HSG-03884,Wakathuni,Pilbara,10,2008-10-05,2
HSG-03885,Wongatha Wonganarra,Goldfields,7,2024-10-15,8
HSG-03886,Yandeyarra,Pilbara,7,2024-02-29,5
HSG-03887,Cheeditha,Pilbara,4,2021-08-26,6
HSG-03888,Carnarvon Reserve,Gascoyne,7,2022-06-05,7
HSG-03889,Beagle Bay,Kimberley,7,2008-12-20,4
HSG-03890,Jigalong,Pilbara,4,2001-07-14,4
HSG-03891,Burringurrah,Gascoyne,4,2012-09-15,7
HSG-03892,Coonana,Goldfields,5,2013-01-24,10
HSG-03893,Wongatha Wonganarra,Goldfields,5,2018-09-02,6
HSG-03894,Bidyadanga,Kimberley,5,2005-03-13,4
HSG-03895,Ardyaloon,Kimberley,5,2023-09-20,8
HSG-03896,Wongatha Wonganarra,Goldfields,5,2012-07-19,4
HSG-03897,Mungullah,Mid West,3,2012-05-26,5
HSG-03898,Bidyadanga,Kimberley,5,2014-06-09,8
HSG-03899,Carnarvon Reserve,Gascoyne,2,2017-12-19,5
HSG-03900,Pia Wadjari,Mid West,5,1998-11-28,2
HSG-03901,Pia Wadjari,Mid West,3,1998-12-27,4
HSG-03902,Carnarvon Reserve,Gascoyne,3,2018-08-04,6
HSG-03903,Yandeyarra,Pilbara,5,2014-11-04,5
HSG-03904,Pia Wadjari,Mid West,6,2015-11-07,9
HSG-03905,Pia Wadjari,Mid West,9,2000-03-18,2
HSG-03906,Wakathuni,Pilbara,6,2013-05-20,5
HSG-03907,Cheeditha,Pilbara,5,2013-07-13,5
HSG-03908,Wakathuni,Pilbara,5,2015-05-25,6
HSG-03909,Yulga Jinna,Mid West,4,2009-03-17,4
HSG-03910,Carnarvon Reserve,Gascoyne,4,2020-04-12,6
HSG-03911,Warmun,Kimberley,6,2011-03-18,7
HSG-03912,Tjuntjuntjara,Goldfields,4,2020-05-19,6
HSG-03913,Pia Wadjari,Mid West,7,2020-12-26,8
HSG-03914,Burringurrah,Gascoyne,5,2019-02-23,5
HSG-03915,Yulga Jinna,Mid West,5,1998-10-27,3
HSG-03916,Mungullah,Mid West,5,2010-06-27,7
HSG-03917,Bidyadanga,Kimberley,6,2023-04-26,5
HSG-03918,Wongatha Wonganarra,Goldfields,5,1998-07-29,4
HSG-03919,Coonana,Goldfields,7,2018-09-08,5
HSG-03920,Mungullah,Mid West,4,2012-09-23,5
HSG-03921,Bidyadanga,Kimberley,5,2020-12-08,5
HSG-03922,Wongatha Wonganarra,Goldfields,6,2012-07-23,5
HSG-03923,Kalumburu,Kimberley,9,2021-09-01,8
HSG-03924,Tjuntjuntjara,Goldfields,3,2014-06-14,6
HSG-03925,Cheeditha,Pilbara,4,2011-05-01,5
HSG-03926,Warmun,Kimberley,9,2014-10-31,5
HSG-03927,Jigalong,Pilbara,6,2015-06-14,6
HSG-03928,Cheeditha,Pilbara,3,1999-01-13,4
HSG-03929,Burringurrah,Gascoyne,2,1995-12-19,4
HSG-03930,Jigalong,Pilbara,1,2015-07-13,6
HSG-03931,Carnarvon Reserve,Gascoyne,10,2019-01-24,6
HSG-03932,Yulga Jinna,Mid West,2,1999-05-27,4
HSG-03933,Wongatha Wonganarra,Goldfields,4,2010-11-18,4
HSG-03934,Cheeditha,Pilbara,7,2023-09-02,7
HSG-03935,Pia Wadjari,Mid West,2,2018-04-27,7
HSG-03936,Pia Wadjari,Mid West,8,2020-01-10,9
HSG-03937,Cheeditha,Pilbara,10,2012-10-02,4
HSG-03938,Jigalong,Pilbara,10,2025-12-13,5
HSG-03939,Wongatha Wonganarra,Goldfields,4,2010-08-19,6
HSG-03940,Cheeditha,Pilbara,4,2015-09-26,6
HSG-03941,Wongatha Wonganarra,Goldfields,2,2019-07-05,5
HSG-03942,Yandeyarra,Pilbara,8,2017-04-30,5
HSG-03943,Cheeditha,Pilbara,5,2018-11-20,6
HSG-03944,Yulga Jinna,Mid West,8,2013-12-31,3
HSG-03945,Coonana,Goldfields,6,2021-12-30,5
HSG-03946,Ardyaloon,Kimberley,5,2013-04-22,7
HSG-03947,Tjuntjuntjara,Goldfields,2,2009-10-17,4
HSG-03948,Yulga Jinna,Mid West,1,2020-07-30,5
HSG-03949,Pia Wadjari,Mid West,8,2023-01-10,5
HSG-03950,Pia Wadjari,Mid West,2,2019-06-04,5
HSG-03951,Burringurrah,Gascoyne,2,2005-03-12,3
HSG-03952,Carnarvon Reserve,Gascoyne,6,2004-05-26,3
HSG-03953,Ardyaloon,Kimberley,7,2015-08-23,5
HSG-03954,Pia Wadjari,Mid West,5,2021-12-20,5
HSG-03955,Yulga Jinna,Mid West,7,2025-07-12,7
HSG-03956,Yulga Jinna,Mid West,6,2015-11-11,7
HSG-03957,Cheeditha,Pilbara,5,2024-07-04,6
HSG-03958,Tjuntjuntjara,Goldfields,4,2024-09-10,6
HSG-03959,Beagle Bay,Kimberley,4,2011-05-01,5
HSG-03960,Beagle Bay,Kimberley,3,2022-04-08,6
HSG-03961,Carnarvon Reserve,Gascoyne,8,2019-04-14,8
HSG-03962,Tjuntjuntjara,Goldfields,2,2016-04-20,8
HSG-03963,Pia Wadjari,Mid West,4,2023-09-20,7
HSG-03964,Yulga Jinna,Mid West,3,2024-09-03,6
HSG-03965,Yulga Jinna,Mid West,6,2001-06-14,3
HSG-03966,Yandeyarra,Pilbara,6,2019-10-14,8
HSG-03967,Yandeyarra,Pilbara,5,2018-02-04,8
HSG-03968,Yandeyarra,Pilbara,5,2026-05-03,7
HSG-03969,Wakathuni,Pilbara,1,2025-05-08,10
HSG-03970,Jigalong,Pilbara,8,2022-03-21,5
HSG-03971,Burringurrah,Gascoyne,1,2015-11-15,6
HSG-03972,Mungullah,Mid West,2,2016-09-21,6
HSG-03973,Warmun,Kimberley,6,1997-05-02,4
HSG-03974,Beagle Bay,Kimberley,7,2025-02-12,7
HSG-03975,Wakathuni,Pilbara,7,2025-12-02,6
HSG-03976,Kalumburu,Kimberley,2,2014-09-14,7
HSG-03977,Wakathuni,Pilbara,4,2008-03-17,3
HSG-03978,Carnarvon Reserve,Gascoyne,8,2017-01-15,9
HSG-03979,Burringurrah,Gascoyne,5,2014-03-12,9
HSG-03980,Cheeditha,Pilbara,5,2016-02-21,5
HSG-03981,Tjuntjuntjara,Goldfields,4,2014-04-01,8
HSG-03982,Tjuntjuntjara,Goldfields,3,2025-10-13,7
HSG-03983,Burringurrah,Gascoyne,4,2020-02-26,5
HSG-03984,Ardyaloon,Kimberley,7,2014-04-08,5
HSG-03985,Jigalong,Pilbara,4,2016-06-12,8
HSG-03986,Cheeditha,Pilbara,9,2014-10-07,7
HSG-03987,Beagle Bay,Kimberley,4,2018-02-09,5
HSG-03988,Carnarvon Reserve,Gascoyne,5,2017-05-25,6
HSG-03989,Jigalong,Pilbara,3,2016-02-16,7
HSG-03990,Yulga Jinna,Mid West,5,2001-12-19,2
HSG-03991,Pia Wadjari,Mid West,3,2020-09-21,5
HSG-03992,Yulga Jinna,Mid West,5,2016-06-24,9
HSG-03993,Yandeyarra,Pilbara,6,2011-06-02,4
HSG-03994,Kalumburu,Kimberley,5,2025-05-24,5
HSG-03995,Coonana,Goldfields,6,2016-10-16,7
HSG-03996,Yulga Jinna,Mid West,8,2021-04-11,5
HSG-03997,Bidyadanga,Kimberley,9,2019-07-05,7
HSG-03998,Wakathuni,Pilbara,3,2015-04-24,9
HSG-03999,Tjuntjuntjara,Goldfields,6,2013-12-31,4
HSG-04000,Ardyaloon,Kimberley,9,2017-03-20,9
HSG-04001,Tjuntjuntjara,Goldfields,5,2020-03-30,5
HSG-04002,Warmun,Kimberley,5,2021-05-23,7
HSG-04003,Ardyaloon,Kimberley,8,2018-10-10,7
HSG-04004,Burringurrah,Gascoyne,5,2018-05-20,8
HSG-04005,Burringurrah,Gascoyne,4,2023-06-10,7
HSG-04006,Jigalong,Pilbara,4,2023-11-08,6
HSG-04007,Mungullah,Mid West,5,2024-09-17,5
HSG-04008,Pia Wadjari,Mid West,4,2013-03-04,8
HSG-04009,Kalumburu,Kimberley,3,2012-06-30,4
HSG-04010,Bidyadanga,Kimberley,10,2016-09-28,7
HSG-04011,Cheeditha,Pilbara,1,2013-06-23,4
HSG-04012,Coonana,Goldfields,1,2006-06-15,4
HSG-04013,Mungullah,Mid West,1,2024-08-14,5
HSG-04014,Yulga Jinna,Mid West,2,2011-02-04,6
HSG-04015,Bidyadanga,Kimberley,1,2015-04-17,6
HSG-04016,Burringurrah,Gascoyne,4,2011-10-04,8
HSG-04017,Carnarvon Reserve,Gascoyne,8,2014-06-29,7
HSG-04018,Wongatha Wonganarra,Goldfields,4,2021-12-17,9
HSG-04019,Tjuntjuntjara,Goldfields,2,2008-08-09,3
HSG-04020,Pia Wadjari,Mid West,5,2011-12-07,10
HSG-04021,Coonana,Goldfields,5,2010-06-22,5
HSG-04022,Burringurrah,Gascoyne,2,2014-10-23,7
HSG-04023,Kalumburu,Kimberley,7,2018-03-22,7
HSG-04024,Tjuntjuntjara,Goldfields,4,1999-10-18,4
HSG-04025,Carnarvon Reserve,Gascoyne,2,2024-12-05,6
HSG-04026,Carnarvon Reserve,Gascoyne,3,2003-09-01,3
HSG-04027,Jigalong,Pilbara,4,2019-06-11,5
HSG-04028,Mungullah,Mid West,4,2013-04-05,6
HSG-04029,Carnarvon Reserve,Gascoyne,5,2022-08-09,5
HSG-04030,Bidyadanga,Kimberley,5,1996-06-30,4
HSG-04031,Jigalong,Pilbara,5,2015-09-24,6
HSG-04032,Bidyadanga,Kimberley,2,2014-08-25,7
HSG-04033,Yulga Jinna,Mid West,3,2014-02-09,6
HSG-04034,Burringurrah,Gascoyne,8,2012-06-14,7
HSG-04035,Beagle Bay,Kimberley,5,2012-03-14,5
HSG-04036,Yandeyarra,Pilbara,7,2022-09-19,7
HSG-04037,Yandeyarra,Pilbara,4,2005-01-31,4
HSG-04038,Pia Wadjari,Mid West,1,2019-08-27,6
HSG-04039,Beagle Bay,Kimberley,5,2026-05-21,8
HSG-04040,Bidyadanga,Kimberley,6,2023-02-13,8
HSG-04041,Yandeyarra,Pilbara,3,2024-01-21,8
HSG-04042,Mungullah,Mid West,4,2012-11-30,7
HSG-04043,Mungullah,Mid West,2,2016-12-07,6
HSG-04044,Pia Wadjari,Mid West,1,2019-12-27,5
HSG-04045,Yulga Jinna,Mid West,6,2010-07-12,5
HSG-04046,Carnarvon Reserve,Gascoyne,3,2011-05-17,7
HSG-04047,Pia Wadjari,Mid West,5,2015-05-17,5
HSG-04048,Wongatha Wonganarra,Goldfields,5,2010-11-18,10
HSG-04049,Carnarvon Reserve,Gascoyne,8,2012-06-14,8
HSG-04050,Burringurrah,Gascoyne,6,2011-05-20,6
HSG-04051,Mungullah,Mid West,1,1999-04-22,4
HSG-04052,Pia Wadjari,Mid West,4,1997-04-19,2
HSG-04053,Beagle Bay,Kimberley,2,2010-10-13,2
HSG-04054,Yulga Jinna,Mid West,5,2016-01-29,7
HSG-04055,Burringurrah,Gascoyne,7,2024-12-15,6
HSG-04056,Wongatha Wonganarra,Goldfields,3,2000-02-15,2
HSG-04057,Burringurrah,Gascoyne,1,2011-05-28,3
HSG-04058,Yandeyarra,Pilbara,3,2012-04-27,5
HSG-04059,Carnarvon Reserve,Gascoyne,3,2012-01-13,6
HSG-04060,Burringurrah,Gascoyne,4,2025-01-20,6
HSG-04061,Carnarvon Reserve,Gascoyne,8,1997-09-27,3
HSG-04062,Wakathuni,Pilbara,6,2017-03-09,5
HSG-04063,Bidyadanga,Kimberley,4,2015-10-26,7
HSG-04064,Beagle Bay,Kimberley,7,2012-02-21,4
HSG-04065,Pia Wadjari,Mid West,5,2019-05-29,6
HSG-04066,Yulga Jinna,Mid West,4,2020-11-19,7
HSG-04067,Bidyadanga,Kimberley,6,2021-02-05,9
HSG-04068,Wongatha Wonganarra,Goldfields,2,2011-02-05,5
HSG-04069,Yulga Jinna,Mid West,3,2023-04-09,7
HSG-04070,Jigalong,Pilbara,1,2021-07-25,6
HSG-04071,Carnarvon Reserve,Gascoyne,4,1999-09-24,4
HSG-04072,Wongatha Wonganarra,Goldfields,2,2013-05-22,5
HSG-04073,Burringurrah,Gascoyne,7,2022-10-28,5
HSG-04074,Mungullah,Mid West,6,2017-10-20,8
HSG-04075,Burringurrah,Gascoyne,6,2012-04-29,4
HSG-04076,Bidyadanga,Kimberley,6,2014-10-01,5
HSG-04077,Yulga Jinna,Mid West,4,2007-03-25,3
HSG-04078,Ardyaloon,Kimberley,7,2021-04-16,5
HSG-04079,Carnarvon Reserve,Gascoyne,5,2007-10-18,4
HSG-04080,Burringurrah,Gascoyne,6,1997-01-22,4
HSG-04081,Mungullah,Mid West,5,2020-08-05,7
HSG-04082,Mungullah,Mid West,7,2025-01-31,5
HSG-04083,Jigalong,Pilbara,1,2017-03-24,10
HSG-04084,Mungullah,Mid West,9,2015-05-02,7
HSG-04085,Carnarvon Reserve,Gascoyne,3,2022-09-04,5
HSG-04086,Wongatha Wonganarra,Goldfields,4,2025-12-25,8
HSG-04087,Cheeditha,Pilbara,6,2006-10-01,4
HSG-04088,Jigalong,Pilbara,4,2010-10-01,8
HSG-04089,Mungullah,Mid West,9,2023-03-03,8
HSG-04090,Yulga Jinna,Mid West,7,2024-03-16,5
HSG-04091,Jigalong,Pilbara,1,2023-09-28,6
HSG-04092,Carnarvon Reserve,Gascoyne,5,2021-01-24,6
HSG-04093,Yulga Jinna,Mid West,5,2003-02-09,3
HSG-04094,Tjuntjuntjara,Goldfields,6,2024-10-20,7
HSG-04095,Bidyadanga,Kimberley,7,2014-05-18,7
HSG-04096,Cheeditha,Pilbara,6,2013-10-14,5
HSG-04097,Carnarvon Reserve,Gascoyne,5,2021-09-27,6
HSG-04098,Burringurrah,Gascoyne,5,2021-01-27,7
HSG-04099,Burringurrah,Gascoyne,6,2011-04-25,9
HSG-04100,Yulga Jinna,Mid West,10,2025-10-28,6
HSG-04101,Kalumburu,Kimberley,1,2023-06-04,8
HSG-04102,Yandeyarra,Pilbara,4,2003-01-13,4
HSG-04103,Pia Wadjari,Mid West,4,2011-07-05,5
HSG-04104,Tjuntjuntjara,Goldfields,6,1996-07-31,3
HSG-04105,Tjuntjuntjara,Goldfields,3,2010-09-14,6
HSG-04106,Pia Wadjari,Mid West,6,2021-10-02,7
HSG-04107,Coonana,Goldfields,3,1998-12-12,4
HSG-04108,Carnarvon Reserve,Gascoyne,4,2017-07-13,6
HSG-04109,Tjuntjuntjara,Goldfields,8,2004-08-03,2
HSG-04110,Carnarvon Reserve,Gascoyne,5,2003-12-21,3
HSG-04111,Jigalong,Pilbara,1,2014-12-27,7
HSG-04112,Cheeditha,Pilbara,6,2013-01-10,6
HSG-04113,Wongatha Wonganarra,Goldfields,7,2012-06-24,5
HSG-04114,Jigalong,Pilbara,4,2017-02-23,9
HSG-04115,Wongatha Wonganarra,Goldfields,4,2016-02-17,7
HSG-04116,Yulga Jinna,Mid West,5,1998-03-09,2
HSG-04117,Bidyadanga,Kimberley,1,2007-02-18,4
HSG-04118,Burringurrah,Gascoyne,7,2020-07-03,7
HSG-04119,Pia Wadjari,Mid West,7,2006-11-15,4
HSG-04120,Yulga Jinna,Mid West,9,2005-08-17,4
HSG-04121,Yulga Jinna,Mid West,5,2016-03-18,5
HSG-04122,Wongatha Wonganarra,Goldfields,5,2024-01-21,8
HSG-04123,Warmun,Kimberley,3,1996-11-16,3
HSG-04124,Ardyaloon,Kimberley,5,2020-01-21,5
HSG-04125,Pia Wadjari,Mid West,10,2017-09-12,7
HSG-04126,Burringurrah,Gascoyne,4,2008-01-18,4
HSG-04127,Warmun,Kimberley,1,1998-08-05,4
HSG-04128,Warmun,Kimberley,5,2012-11-15,8
HSG-04129,Coonana,Goldfields,7,2022-02-27,6
HSG-04130,Bidyadanga,Kimberley,4,2025-05-08,6
HSG-04131,Bidyadanga,Kimberley,4,2022-08-23,9
HSG-04132,Burringurrah,Gascoyne,5,2022-04-11,5
HSG-04133,Mungullah,Mid West,1,2024-06-25,5
HSG-04134,Carnarvon Reserve,Gascoyne,7,2014-04-05,4
HSG-04135,Wongatha Wonganarra,Goldfields,3,2018-01-06,7
HSG-04136,Mungullah,Mid West,2,2019-02-08,7
HSG-04137,Burringurrah,Gascoyne,4,2015-01-31,5
HSG-04138,Yandeyarra,Pilbara,3,2016-02-09,6
HSG-04139,Wakathuni,Pilbara,10,2019-08-27,7
HSG-04140,Carnarvon Reserve,Gascoyne,3,2021-04-14,8
HSG-04141,Burringurrah,Gascoyne,4,2011-03-31,8
HSG-04142,Beagle Bay,Kimberley,7,2001-02-11,1
HSG-04143,Wakathuni,Pilbara,3,2021-03-03,7
HSG-04144,Cheeditha,Pilbara,5,2011-06-01,4
HSG-04145,Cheeditha,Pilbara,4,2000-08-12,2
HSG-04146,Burringurrah,Gascoyne,5,2012-02-13,9
HSG-04147,Yandeyarra,Pilbara,7,2023-11-02,9
HSG-04148,Pia Wadjari,Mid West,7,2021-11-15,7
HSG-04149,Burringurrah,Gascoyne,9,2025-08-25,6
HSG-04150,Coonana,Goldfields,5,2010-10-22,7
HSG-04151,Burringurrah,Gascoyne,8,2016-05-21,5
HSG-04152,Yulga Jinna,Mid West,3,2013-10-18,6
HSG-04153,Carnarvon Reserve,Gascoyne,7,2015-03-20,7
HSG-04154,Kalumburu,Kimberley,2,2014-03-07,9
HSG-04155,Mungullah,Mid West,4,2019-12-22,5
HSG-04156,Tjuntjuntjara,Goldfields,3,2018-01-24,10
HSG-04157,Coonana,Goldfields,6,2001-08-01,4
HSG-04158,Mungullah,Mid West,7,2018-07-05,7
HSG-04159,Warmun,Kimberley,5,2025-11-11,7
HSG-04160,Burringurrah,Gascoyne,3,2014-11-18,5
HSG-04161,Warmun,Kimberley,1,2000-10-19,3
HSG-04162,Mungullah,Mid West,9,2013-01-22,8
HSG-04163,Coonana,Goldfields,5,2017-11-25,8
HSG-04164,Tjuntjuntjara,Goldfields,5,2021-03-05,5
HSG-04165,Jigalong,Pilbara,5,2024-11-15,5
HSG-04166,Coonana,Goldfields,5,2019-04-15,8
HSG-04167,Yandeyarra,Pilbara,5,2025-01-21,7
HSG-04168,Kalumburu,Kimberley,7,2017-10-12,6
HSG-04169,Cheeditha,Pilbara,3,2009-10-22,3
HSG-04170,Coonana,Goldfields,5,2018-11-03,5
HSG-04171,Coonana,Goldfields,5,2024-02-01,5
HSG-04172,Kalumburu,Kimberley,10,2012-08-12,3
HSG-04173,Cheeditha,Pilbara,1,2010-10-29,6
HSG-04174,Jigalong,Pilbara,4,2026-02-18,6
HSG-04175,Carnarvon Reserve,Gascoyne,6,2024-04-08,8
HSG-04176,Coonana,Goldfields,2,1997-04-03,4
HSG-04177,Yulga Jinna,Mid West,6,2015-03-02,7
HSG-04178,Jigalong,Pilbara,10,2019-05-27,7
HSG-04179,Coonana,Goldfields,5,2005-09-14,4
HSG-04180,Kalumburu,Kimberley,4,1998-05-07,4
HSG-04181,Mungullah,Mid West,6,2021-05-06,6
HSG-04182,Mungullah,Mid West,2,2022-01-27,5
HSG-04183,Burringurrah,Gascoyne,7,2017-10-07,6
HSG-04184,Wakathuni,Pilbara,6,2020-06-01,6
HSG-04185,Beagle Bay,Kimberley,9,2020-07-07,6
HSG-04186,Carnarvon Reserve,Gascoyne,4,2011-11-21,4
HSG-04187,Yandeyarra,Pilbara,6,2004-10-11,1
HSG-04188,Burringurrah,Gascoyne,5,2013-08-24,5
HSG-04189,Burringurrah,Gascoyne,2,1997-10-10,4
HSG-04190,Burringurrah,Gascoyne,7,2014-01-24,6
HSG-04191,Burringurrah,Gascoyne,5,2020-09-15,6
HSG-04192,Mungullah,Mid West,5,2025-02-13,8
HSG-04193,Kalumburu,Kimberley,5,2003-01-03,3
HSG-04194,Kalumburu,Kimberley,9,2012-11-18,6
HSG-04195,Pia Wadjari,Mid West,4,2003-05-23,3
HSG-04196,Tjuntjuntjara,Goldfields,6,2020-05-22,5
HSG-04197,Wakathuni,Pilbara,8,2021-10-12,5
HSG-04198,Carnarvon Reserve,Gascoyne,3,2016-11-10,7
HSG-04199,Jigalong,Pilbara,7,2026-02-02,6
HSG-04200,Pia Wadjari,Mid West,6,2010-11-10,5
HSG-04201,Yulga Jinna,Mid West,6,2011-11-24,8
HSG-04202,Wakathuni,Pilbara,6,2021-10-30,5
HSG-04203,Beagle Bay,Kimberley,8,2009-07-10,1
HSG-04204,Bidyadanga,Kimberley,10,2003-05-08,2
HSG-04205,Tjuntjuntjara,Goldfields,4,2013-07-02,5
HSG-04206,Mungullah,Mid West,5,2016-12-01,7
HSG-04207,Burringurrah,Gascoyne,3,2024-09-26,6
HSG-04208,Bidyadanga,Kimberley,4,2016-02-22,6
HSG-04209,Wongatha Wonganarra,Goldfields,5,2021-05-25,6
HSG-04210,Beagle Bay,Kimberley,4,2018-05-01,5
HSG-04211,Kalumburu,Kimberley,6,2019-07-13,7
HSG-04212,Burringurrah,Gascoyne,4,2013-10-15,4
HSG-04213,Pia Wadjari,Mid West,6,2011-12-07,5
HSG-04214,Burringurrah,Gascoyne,7,2004-11-27,4
HSG-04215,Kalumburu,Kimberley,1,2022-10-18,5
HSG-04216,Pia Wadjari,Mid West,3,2024-06-22,5
HSG-04217,Carnarvon Reserve,Gascoyne,4,2021-11-18,7
HSG-04218,Wongatha Wonganarra,Goldfields,4,2011-07-12,6
HSG-04219,Coonana,Goldfields,5,2022-02-19,6
HSG-04220,Kalumburu,Kimberley,5,2014-01-11,6
HSG-04221,Mungullah,Mid West,3,2025-05-07,8
HSG-04222,Coonana,Goldfields,4,2010-02-23,3
HSG-04223,Yulga Jinna,Mid West,5,2007-11-02,4
HSG-04224,Wakathuni,Pilbara,6,2018-02-13,9
HSG-04225,Ardyaloon,Kimberley,3,2021-05-11,6
HSG-04226,Wongatha Wonganarra,Goldfields,1,2011-04-30,6
HSG-04227,Wakathuni,Pilbara,3,2008-06-23,4
HSG-04228,Mungullah,Mid West,3,2023-06-22,7
HSG-04229,Pia Wadjari,Mid West,7,2014-10-04,6
HSG-04230,Wongatha Wonganarra,Goldfields,3,2015-07-13,8
HSG-04231,Wongatha Wonganarra,Goldfields,3,2009-06-26,2
HSG-04232,Burringurrah,Gascoyne,6,2007-02-08,4
HSG-04233,Warmun,Kimberley,7,2011-01-14,5
HSG-04234,Wongatha Wonganarra,Goldfields,6,2016-09-18,8
HSG-04235,Mungullah,Mid West,2,1996-01-04,4
HSG-04236,Coonana,Goldfields,5,2021-08-19,8
HSG-04237,Jigalong,Pilbara,4,2006-10-09,4
HSG-04238,Yandeyarra,Pilbara,6,1996-09-20,4
HSG-04239,Tjuntjuntjara,Goldfields,5,2001-11-02,3
HSG-04240,Burringurrah,Gascoyne,10,2005-04-23,3
HSG-04241,Jigalong,Pilbara,4,2010-06-28,5
HSG-04242,Bidyadanga,Kimberley,9,2012-10-21,3
HSG-04243,Pia Wadjari,Mid West,9,2021-10-30,7
HSG-04244,Mungullah,Mid West,6,2003-11-27,4
HSG-04245,Bidyadanga,Kimberley,6,2006-09-27,4
HSG-04246,Pia Wadjari,Mid West,8,1996-02-17,4
HSG-04247,Pia Wadjari,Mid West,5,2019-01-05,5
HSG-04248,Jigalong,Pilbara,3,2016-03-11,7
HSG-04249,Burringurrah,Gascoyne,6,2014-04-20,8
HSG-04250,Ardyaloon,Kimberley,1,2024-05-25,7
HSG-04251,Wakathuni,Pilbara,10,2011-04-16,5
HSG-04252,Yandeyarra,Pilbara,9,2025-09-30,5
HSG-04253,Yandeyarra,Pilbara,2,2022-01-01,5
HSG-04254,Wongatha Wonganarra,Goldfields,7,2002-06-28,4
HSG-04255,Carnarvon Reserve,Gascoyne,4,2025-03-06,7
HSG-04256,Tjuntjuntjara,Goldfields,5,2023-05-11,7
HSG-04257,Carnarvon Reserve,Gascoyne,6,2024-07-19,6
HSG-04258,Beagle Bay,Kimberley,4,2020-11-11,6
HSG-04259,Mungullah,Mid West,3,2017-08-01,8
HSG-04260,Wongatha Wonganarra,Goldfields,4,2023-07-21,8
HSG-04261,Coonana,Goldfields,4,2023-10-06,6
HSG-04262,Burringurrah,Gascoyne,4,2008-07-08,4
HSG-04263,Carnarvon Reserve,Gascoyne,1,1998-07-30,4
HSG-04264,Cheeditha,Pilbara,4,2024-11-09,6
HSG-04265,Wongatha Wonganarra,Goldfields,7,2020-06-09,5
HSG-04266,Pia Wadjari,Mid West,3,2002-09-17,3
HSG-04267,Tjuntjuntjara,Goldfields,6,2013-10-30,8
HSG-04268,Cheeditha,Pilbara,8,2016-02-14,7
HSG-04269,Wakathuni,Pilbara,6,2021-06-04,9
HSG-04270,Yandeyarra,Pilbara,6,2024-04-29,7
HSG-04271,Carnarvon Reserve,Gascoyne,4,2010-04-08,3
HSG-04272,Mungullah,Mid West,3,2022-04-23,5
HSG-04273,Tjuntjuntjara,Goldfields,5,2015-08-09,9
HSG-04274,Wakathuni,Pilbara,5,2012-11-04,8
HSG-04275,Kalumburu,Kimberley,4,2016-06-02,5
HSG-04276,Wakathuni,Pilbara,2,2012-11-27,4
HSG-04277,Wakathuni,Pilbara,6,2019-12-06,6
HSG-04278,Ardyaloon,Kimberley,7,2025-01-20,6
HSG-04279,Mungullah,Mid West,4,2010-10-08,9
HSG-04280,Yulga Jinna,Mid West,5,2015-10-14,8
HSG-04281,Cheeditha,Pilbara,4,2012-06-29,7
HSG-04282,Wongatha Wonganarra,Goldfields,7,2021-05-27,6
HSG-04283,Cheeditha,Pilbara,1,2013-04-15,6
HSG-04284,Pia Wadjari,Mid West,8,2022-05-09,6
HSG-04285,Jigalong,Pilbara,6,1997-07-31,2
HSG-04286,Pia Wadjari,Mid West,3,2020-02-28,6
HSG-04287,Mungullah,Mid West,6,2025-07-10,8
HSG-04288,Wongatha Wonganarra,Goldfields,5,2015-07-22,6
HSG-04289,Tjuntjuntjara,Goldfields,5,2014-04-09,4
HSG-04290,Yulga Jinna,Mid West,1,2020-02-12,6
HSG-04291,Cheeditha,Pilbara,5,1998-01-16,4
HSG-04292,Burringurrah,Gascoyne,1,2019-10-21,7
HSG-04293,Warmun,Kimberley,4,2016-08-29,7
HSG-04294,Mungullah,Mid West,9,2004-12-15,2
HSG-04295,Warmun,Kimberley,3,2023-09-30,5
HSG-04296,Pia Wadjari,Mid West,8,1996-02-08,3
HSG-04297,Wongatha Wonganarra,Goldfields,9,2018-10-13,6
HSG-04298,Tjuntjuntjara,Goldfields,5,2025-02-01,5
HSG-04299,Burringurrah,Gascoyne,4,2014-01-17,7
HSG-04300,Kalumburu,Kimberley,3,2019-05-11,6
HSG-04301,Wakathuni,Pilbara,4,2006-11-12,4
HSG-04302,Warmun,Kimberley,10,2025-04-21,6
HSG-04303,Wongatha Wonganarra,Goldfields,6,2013-05-24,8
HSG-04304,Burringurrah,Gascoyne,2,2024-09-17,9
HSG-04305,Carnarvon Reserve,Gascoyne,1,1996-07-02,4
HSG-04306,Burringurrah,Gascoyne,4,2023-01-30,7
HSG-04307,Yulga Jinna,Mid West,5,2016-03-02,5
HSG-04308,Carnarvon Reserve,Gascoyne,5,2013-06-16,4
HSG-04309,Mungullah,Mid West,2,2015-07-05,7
HSG-04310,Wakathuni,Pilbara,7,2026-04-09,8
HSG-04311,Cheeditha,Pilbara,3,2020-06-28,7
HSG-04312,Wongatha Wonganarra,Goldfields,4,2017-10-31,8
HSG-04313,Wakathuni,Pilbara,7,2020-03-08,6
HSG-04314,Coonana,Goldfields,4,2016-12-24,7
HSG-04315,Carnarvon Reserve,Gascoyne,6,2012-03-14,4
HSG-04316,Ardyaloon,Kimberley,2,2019-04-28,5
HSG-04317,Coonana,Goldfields,8,2022-10-11,8
HSG-04318,Coonana,Goldfields,3,1997-09-05,3
HSG-04319,Yulga Jinna,Mid West,8,2010-09-29,3
HSG-04320,Burringurrah,Gascoyne,6,2011-12-02,4
HSG-04321,Bidyadanga,Kimberley,9,2008-11-16,4
HSG-04322,Cheeditha,Pilbara,8,2025-07-16,6
HSG-04323,Ardyaloon,Kimberley,6,2009-03-20,2
HSG-04324,Coonana,Goldfields,1,2019-09-28,5
HSG-04325,Coonana,Goldfields,6,2003-11-17,3
HSG-04326,Mungullah,Mid West,3,2014-02-13,7
HSG-04327,Jigalong,Pilbara,6,2010-08-06,5
HSG-04328,Beagle Bay,Kimberley,7,1998-08-24,3
HSG-04329,Pia Wadjari,Mid West,4,2015-07-08,8
HSG-04330,Coonana,Goldfields,5,2025-05-11,6
HSG-04331,Mungullah,Mid West,10,2013-08-13,3
HSG-04332,Coonana,Goldfields,7,2014-07-04,8
HSG-04333,Tjuntjuntjara,Goldfields,4,2025-12-19,7
HSG-04334,Mungullah,Mid West,3,2010-04-14,4
HSG-04335,Carnarvon Reserve,Gascoyne,6,2021-09-30,7
HSG-04336,Yulga Jinna,Mid West,7,2016-03-31,8
HSG-04337,Carnarvon Reserve,Gascoyne,5,2016-01-27,8
HSG-04338,Wongatha Wonganarra,Goldfields,4,2013-01-02,7
HSG-04339,Ardyaloon,Kimberley,5,2024-12-27,6
HSG-04340,Cheeditha,Pilbara,6,2002-03-18,3
HSG-04341,Tjuntjuntjara,Goldfields,3,2013-04-24,6
HSG-04342,Burringurrah,Gascoyne,1,2023-09-17,7
HSG-04343,Wongatha Wonganarra,Goldfields,7,2016-11-04,6
HSG-04344,Ardyaloon,Kimberley,3,2016-12-15,8
HSG-04345,Yandeyarra,Pilbara,9,2021-09-04,6
HSG-04346,Carnarvon Reserve,Gascoyne,6,2015-04-04,6
HSG-04347,Bidyadanga,Kimberley,6,2015-12-21,5
HSG-04348,Beagle Bay,Kimberley,5,2019-08-06,7
HSG-04349,Beagle Bay,Kimberley,10,2013-01-11,3
HSG-04350,Wongatha Wonganarra,Goldfields,5,1997-04-26,3
HSG-04351,Burringurrah,Gascoyne,9,1996-07-04,4
HSG-04352,Coonana,Goldfields,2,2014-05-12,7
HSG-04353,Tjuntjuntjara,Goldfields,9,2023-06-28,7
HSG-04354,Tjuntjuntjara,Goldfields,5,2025-03-20,6
HSG-04355,Ardyaloon,Kimberley,8,1996-06-03,4
HSG-04356,Warmun,Kimberley,5,2024-10-01,5
HSG-04357,Tjuntjuntjara,Goldfields,2,2023-01-15,5
HSG-04358,Jigalong,Pilbara,7,2023-12-10,7
HSG-04359,Jigalong,Pilbara,6,2022-07-12,6
HSG-04360,Warmun,Kimberley,6,2007-06-06,4
HSG-04361,Jigalong,Pilbara,4,2018-11-04,6
HSG-04362,Kalumburu,Kimberley,6,2017-08-09,6
HSG-04363,Wakathuni,Pilbara,5,2019-05-01,5
HSG-04364,Mungullah,Mid West,10,2014-02-23,7
HSG-04365,Burringurrah,Gascoyne,6,2015-03-24,5
HSG-04366,Yulga Jinna,Mid West,4,2012-08-09,5
HSG-04367,Tjuntjuntjara,Goldfields,6,2006-07-23,2
HSG-04368,Warmun,Kimberley,2,2005-07-07,4
HSG-04369,Burringurrah,Gascoyne,5,2026-04-01,5
HSG-04370,Yulga Jinna,Mid West,8,2008-01-25,3
HSG-04371,Jigalong,Pilbara,3,2022-06-21,8
HSG-04372,Jigalong,Pilbara,5,2025-01-31,7
HSG-04373,Yandeyarra,Pilbara,10,2011-06-17,4
HSG-04374,Mungullah,Mid West,5,2020-01-10,5
HSG-04375,Kalumburu,Kimberley,1,2025-06-30,5
HSG-04376,Yandeyarra,Pilbara,7,2025-10-30,6
HSG-04377,Bidyadanga,Kimberley,6,2019-10-15,5
HSG-04378,Jigalong,Pilbara,4,2022-11-23,8
HSG-04379,Tjuntjuntjara,Goldfields,4,2013-06-29,6
HSG-04380,Burringurrah,Gascoyne,5,2011-06-28,8
HSG-04381,Jigalong,Pilbara,7,2007-11-16,3
HSG-04382,Coonana,Goldfields,2,2018-09-23,7
HSG-04383,Pia Wadjari,Mid West,5,2013-05-07,5
HSG-04384,Coonana,Goldfields,7,2012-10-07,6
HSG-04385,Yandeyarra,Pilbara,5,2024-10-07,7
HSG-04386,Burringurrah,Gascoyne,4,2019-11-01,8
HSG-04387,Bidyadanga,Kimberley,3,2022-01-05,7
HSG-04388,Coonana,Goldfields,8,2001-05-28,3
HSG-04389,Yulga Jinna,Mid West,4,2023-08-03,8
HSG-04390,Pia Wadjari,Mid West,8,2016-07-06,5
HSG-04391,Wakathuni,Pilbara,3,2019-06-13,7
HSG-04392,Tjuntjuntjara,Goldfields,8,2002-01-17,3
HSG-04393,Wakathuni,Pilbara,2,2018-10-19,6
HSG-04394,Yandeyarra,Pilbara,6,2018-07-05,5
HSG-04395,Pia Wadjari,Mid West,6,2006-08-25,4
HSG-04396,Carnarvon Reserve,Gascoyne,1,2023-01-13,5
HSG-04397,Wongatha Wonganarra,Goldfields,5,2017-06-12,5
HSG-04398,Bidyadanga,Kimberley,2,1997-12-29,2
HSG-04399,Mungullah,Mid West,4,2023-08-13,7
HSG-04400,Beagle Bay,Kimberley,8,2017-01-22,8
HSG-04401,Jigalong,Pilbara,3,1998-09-08,3
HSG-04402,Beagle Bay,Kimberley,6,2025-12-13,7
HSG-04403,Burringurrah,Gascoyne,6,1995-12-14,2
HSG-04404,Warmun,Kimberley,3,2020-02-25,5
HSG-04405,Bidyadanga,Kimberley,6,2013-01-24,7
HSG-04406,Wongatha Wonganarra,Goldfields,5,2019-07-14,6
HSG-04407,Yulga Jinna,Mid West,5,2015-04-13,7
HSG-04408,Pia Wadjari,Mid West,6,2020-01-26,6
HSG-04409,Coonana,Goldfields,4,2015-12-01,6
HSG-04410,Mungullah,Mid West,6,2015-09-22,6
HSG-04411,Wakathuni,Pilbara,6,2025-06-10,8
HSG-04412,Ardyaloon,Kimberley,6,1996-03-27,4
HSG-04413,Wakathuni,Pilbara,7,2013-02-17,3
HSG-04414,Pia Wadjari,Mid West,3,2024-04-07,6
HSG-04415,Burringurrah,Gascoyne,6,2010-02-09,3
HSG-04416,Jigalong,Pilbara,4,2003-04-16,4
HSG-04417,Bidyadanga,Kimberley,4,2025-08-02,7
HSG-04418,Mungullah,Mid West,7,2017-07-06,5
HSG-04419,Burringurrah,Gascoyne,4,2008-04-16,3
HSG-04420,Coonana,Goldfields,8,2023-04-13,7
HSG-04421,Wongatha Wonganarra,Goldfields,3,2019-05-09,7
HSG-04422,Yulga Jinna,Mid West,5,2017-08-27,5
HSG-04423,Yandeyarra,Pilbara,6,1999-02-15,4
HSG-04424,Pia Wadjari,Mid West,4,2023-04-15,6
HSG-04425,Carnarvon Reserve,Gascoyne,4,2018-05-31,7
HSG-04426,Yulga Jinna,Mid West,9,2002-12-04,4
HSG-04427,Yulga Jinna,Mid West,1,2009-05-20,2
HSG-04428,Kalumburu,Kimberley,5,2013-06-25,4
HSG-04429,Coonana,Goldfields,5,2021-03-11,6
HSG-04430,Yandeyarra,Pilbara,1,2009-02-22,2
HSG-04431,Jigalong,Pilbara,6,2021-12-30,6
HSG-04432,Mungullah,Mid West,4,2000-02-10,3
HSG-04433,Carnarvon Reserve,Gascoyne,6,2025-03-30,8
HSG-04434,Cheeditha,Pilbara,6,2004-06-17,4
HSG-04435,Mungullah,Mid West,5,2012-03-12,3
HSG-04436,Pia Wadjari,Mid West,7,2026-03-03,6
HSG-04437,Coonana,Goldfields,1,2020-06-14,5
HSG-04438,Mungullah,Mid West,6,2024-03-10,5
HSG-04439,Yandeyarra,Pilbara,4,2009-11-02,3
HSG-04440,Warmun,Kimberley,6,2006-06-10,4
HSG-04441,Cheeditha,Pilbara,1,2015-10-13,5
HSG-04442,Jigalong,Pilbara,7,2011-10-28,5
HSG-04443,Wakathuni,Pilbara,9,2017-12-21,6
HSG-04444,Wongatha Wonganarra,Goldfields,6,2020-05-20,5
HSG-04445,Wakathuni,Pilbara,5,2016-11-20,5
HSG-04446,Burringurrah,Gascoyne,4,2023-08-06,6
HSG-04447,Beagle Bay,Kimberley,3,2013-02-04,4
HSG-04448,Carnarvon Reserve,Gascoyne,3,2010-11-12,9
HSG-04449,Carnarvon Reserve,Gascoyne,6,2024-09-06,6
HSG-04450,Jigalong,Pilbara,3,2022-01-27,7
HSG-04451,Kalumburu,Kimberley,5,2024-01-27,6
HSG-04452,Carnarvon Reserve,Gascoyne,3,2015-09-06,6
HSG-04453,Carnarvon Reserve,Gascoyne,4,2006-01-21,4
HSG-04454,Wongatha Wonganarra,Goldfields,7,2010-03-03,3
HSG-04455,Warmun,Kimberley,6,2011-02-17,7
HSG-04456,Jigalong,Pilbara,3,2011-09-10,4
HSG-04457,Wakathuni,Pilbara,5,2023-10-26,6
HSG-04458,Carnarvon Reserve,Gascoyne,5,2015-10-09,6
HSG-04459,Cheeditha,Pilbara,9,2016-05-16,5
HSG-04460,Ardyaloon,Kimberley,1,2025-06-23,7
HSG-04461,Ardyaloon,Kimberley,9,2023-12-16,6
HSG-04462,Yandeyarra,Pilbara,3,2023-06-12,5
HSG-04463,Wakathuni,Pilbara,3,2022-10-18,7
HSG-04464,Burringurrah,Gascoyne,2,2024-07-11,5
HSG-04465,Carnarvon Reserve,Gascoyne,3,2021-12-01,6
HSG-04466,Tjuntjuntjara,Goldfields,4,2022-09-14,6
HSG-04467,Tjuntjuntjara,Goldfields,5,2006-03-14,4
HSG-04468,Kalumburu,Kimberley,6,2021-07-27,5
HSG-04469,Burringurrah,Gascoyne,3,2016-09-22,10
HSG-04470,Carnarvon Reserve,Gascoyne,6,2022-03-02,5
HSG-04471,Wongatha Wonganarra,Goldfields,8,2024-12-20,9
HSG-04472,Pia Wadjari,Mid West,5,2024-09-12,6
HSG-04473,Pia Wadjari,Mid West,3,2026-05-07,5
HSG-04474,Carnarvon Reserve,Gascoyne,5,2025-06-25,6
HSG-04475,Coonana,Goldfields,6,2013-12-07,7
HSG-04476,Coonana,Goldfields,6,2002-09-13,3
HSG-04477,Wongatha Wonganarra,Goldfields,3,2021-11-04,5
HSG-04478,Yulga Jinna,Mid West,4,2023-01-30,7
HSG-04479,Mungullah,Mid West,2,2017-09-12,5
HSG-04480,Cheeditha,Pilbara,7,2014-06-28,5
HSG-04481,Bidyadanga,Kimberley,6,2017-03-05,5
HSG-04482,Burringurrah,Gascoyne,6,2024-08-20,5
HSG-04483,Warmun,Kimberley,6,2012-11-05,3
HSG-04484,Jigalong,Pilbara,4,2012-07-28,6
HSG-04485,Burringurrah,Gascoyne,6,2015-05-24,8
HSG-04486,Carnarvon Reserve,Gascoyne,4,2022-04-27,8
HSG-04487,Bidyadanga,Kimberley,4,2025-03-28,8
HSG-04488,Pia Wadjari,Mid West,7,1998-04-03,4
HSG-04489,Carnarvon Reserve,Gascoyne,6,2017-07-15,5
HSG-04490,Wongatha Wonganarra,Goldfields,6,2020-08-23,5
HSG-04491,Pia Wadjari,Mid West,4,2018-09-09,8
HSG-04492,Wakathuni,Pilbara,5,2019-09-03,7
HSG-04493,Warmun,Kimberley,5,2018-01-27,8
HSG-04494,Yandeyarra,Pilbara,4,2009-06-11,4
HSG-04495,Yulga Jinna,Mid West,8,2017-03-05,5
HSG-04496,Burringurrah,Gascoyne,9,2012-12-31,7
HSG-04497,Yandeyarra,Pilbara,5,2006-11-01,2
HSG-04498,Cheeditha,Pilbara,5,2013-02-12,6
HSG-04499,Bidyadanga,Kimberley,8,2018-04-19,8
HSG-04500,Mungullah,Mid West,3,2014-01-03,7
HSG-04501,Mungullah,Mid West,7,2014-11-22,7
HSG-04502,Coonana,Goldfields,6,2008-11-08,2
HSG-04503,Cheeditha,Pilbara,5,2003-08-30,3
HSG-04504,Cheeditha,Pilbara,5,2020-05-19,7
HSG-04505,Warmun,Kimberley,6,2013-12-26,8
HSG-04506,Pia Wadjari,Mid West,6,2004-09-14,3
HSG-04507,Carnarvon Reserve,Gascoyne,1,2019-04-06,6
HSG-04508,Coonana,Goldfields,5,1996-06-13,4
HSG-04509,Carnarvon Reserve,Gascoyne,1,2005-12-16,4
HSG-04510,Wakathuni,Pilbara,5,2024-06-19,7
HSG-04511,Coonana,Goldfields,5,2016-06-14,8
HSG-04512,Bidyadanga,Kimberley,3,2019-02-16,7
HSG-04513,Jigalong,Pilbara,5,2015-02-22,7
HSG-04514,Burringurrah,Gascoyne,4,2015-06-04,7
HSG-04515,Warmun,Kimberley,6,2007-03-23,4
HSG-04516,Ardyaloon,Kimberley,5,2022-05-31,5
HSG-04517,Burringurrah,Gascoyne,6,1997-10-10,3
HSG-04518,Kalumburu,Kimberley,5,2024-07-23,6
HSG-04519,Jigalong,Pilbara,5,2023-07-11,8
HSG-04520,Wakathuni,Pilbara,7,2020-03-23,5
HSG-04521,Yulga Jinna,Mid West,5,2016-02-06,6
HSG-04522,Warmun,Kimberley,6,2013-04-23,2
HSG-04523,Kalumburu,Kimberley,4,1997-09-24,3
HSG-04524,Tjuntjuntjara,Goldfields,8,2022-10-06,5
HSG-04525,Burringurrah,Gascoyne,5,2026-05-24,7
HSG-04526,Jigalong,Pilbara,6,2014-05-17,3
HSG-04527,Carnarvon Reserve,Gascoyne,5,2015-11-01,5
HSG-04528,Kalumburu,Kimberley,1,2009-08-01,4
HSG-04529,Carnarvon Reserve,Gascoyne,5,2018-06-13,5
HSG-04530,Pia Wadjari,Mid West,2,2010-07-11,8
HSG-04531,Pia Wadjari,Mid West,5,2016-07-30,6
HSG-04532,Warmun,Kimberley,6,2013-07-19,4
HSG-04533,Wakathuni,Pilbara,6,2014-07-24,5
HSG-04534,Coonana,Goldfields,3,2025-04-20,7
HSG-04535,Wongatha Wonganarra,Goldfields,8,2024-03-27,7
HSG-04536,Burringurrah,Gascoyne,7,2022-08-27,5
HSG-04537,Coonana,Goldfields,1,2018-11-09,8
HSG-04538,Burringurrah,Gascoyne,10,2016-05-18,8
HSG-04539,Carnarvon Reserve,Gascoyne,4,2001-02-25,3
HSG-04540,Jigalong,Pilbara,3,2007-07-28,2
HSG-04541,Carnarvon Reserve,Gascoyne,5,2024-01-28,8
HSG-04542,Pia Wadjari,Mid West,5,2015-12-11,6
HSG-04543,Mungullah,Mid West,8,2024-01-20,5
HSG-04544,Bidyadanga,Kimberley,9,2021-09-06,9
HSG-04545,Burringurrah,Gascoyne,5,2012-11-26,4
HSG-04546,Bidyadanga,Kimberley,7,2018-09-21,5
HSG-04547,Pia Wadjari,Mid West,2,2013-05-09,8
HSG-04548,Carnarvon Reserve,Gascoyne,8,2023-03-26,6
HSG-04549,Mungullah,Mid West,2,2013-02-23,3
HSG-04550,Kalumburu,Kimberley,5,2019-11-28,5
HSG-04551,Pia Wadjari,Mid West,4,2024-05-16,7
HSG-04552,Mungullah,Mid West,7,2012-04-25,8
HSG-04553,Wongatha Wonganarra,Goldfields,3,2020-04-09,5
HSG-04554,Jigalong,Pilbara,7,2017-12-08,6
HSG-04555,Coonana,Goldfields,8,2012-09-14,6
HSG-04556,Carnarvon Reserve,Gascoyne,9,2012-08-13,6
HSG-04557,Warmun,Kimberley,7,2010-10-28,5
HSG-04558,Carnarvon Reserve,Gascoyne,5,2019-09-05,7
HSG-04559,Tjuntjuntjara,Goldfields,9,2025-03-31,7
HSG-04560,Cheeditha,Pilbara,5,2025-09-01,8
HSG-04561,Mungullah,Mid West,1,2004-01-03,3
HSG-04562,Wakathuni,Pilbara,6,2021-11-03,6
HSG-04563,Beagle Bay,Kimberley,6,2018-07-05,6
HSG-04564,Wongatha Wonganarra,Goldfields,6,2011-05-06,4
HSG-04565,Bidyadanga,Kimberley,6,2011-06-14,7
HSG-04566,Kalumburu,Kimberley,8,2024-09-12,9
HSG-04567,Wongatha Wonganarra,Goldfields,6,2024-01-02,6
HSG-04568,Wongatha Wonganarra,Goldfields,2,2021-05-22,5
HSG-04569,Pia Wadjari,Mid West,5,2020-11-05,7
HSG-04570,Burringurrah,Gascoyne,4,2013-06-30,7
HSG-04571,Wongatha Wonganarra,Goldfields,5,2012-04-17,5
HSG-04572,Burringurrah,Gascoyne,6,2021-08-29,5
HSG-04573,Wongatha Wonganarra,Goldfields,4,2001-07-13,2
HSG-04574,Carnarvon Reserve,Gascoyne,4,2021-12-12,5
HSG-04575,Carnarvon Reserve,Gascoyne,4,2017-05-21,6
HSG-04576,Burringurrah,Gascoyne,6,2020-03-02,6
HSG-04577,Yandeyarra,Pilbara,7,2021-02-05,7
HSG-04578,Coonana,Goldfields,4,2012-11-07,5
HSG-04579,Carnarvon Reserve,Gascoyne,6,2012-07-18,7
HSG-04580,Kalumburu,Kimberley,8,2011-03-15,8
HSG-04581,Yulga Jinna,Mid West,4,2022-10-08,5
HSG-04582,Mungullah,Mid West,6,2012-03-04,7
HSG-04583,Cheeditha,Pilbara,7,2018-09-07,5
HSG-04584,Carnarvon Reserve,Gascoyne,2,2003-06-26,4
HSG-04585,Burringurrah,Gascoyne,6,2018-09-07,6
HSG-04586,Yandeyarra,Pilbara,3,2017-05-30,6
HSG-04587,Tjuntjuntjara,Goldfields,6,2011-03-22,3
HSG-04588,Burringurrah,Gascoyne,7,2016-05-16,5
HSG-04589,Carnarvon Reserve,Gascoyne,8,2013-08-03,5
HSG-04590,Wongatha Wonganarra,Goldfields,3,2021-10-20,5
HSG-04591,Coonana,Goldfields,5,2013-08-12,5
HSG-04592,Pia Wadjari,Mid West,5,2012-07-14,6
HSG-04593,Beagle Bay,Kimberley,5,2025-08-15,5
HSG-04594,Pia Wadjari,Mid West,1,2022-06-20,6
HSG-04595,Jigalong,Pilbara,5,2015-08-13,8
HSG-04596,Coonana,Goldfields,3,2006-02-25,2
HSG-04597,Tjuntjuntjara,Goldfields,6,2022-01-27,6
HSG-04598,Burringurrah,Gascoyne,3,1998-01-17,3
HSG-04599,Ardyaloon,Kimberley,8,2020-09-28,8
HSG-04600,Yandeyarra,Pilbara,1,2025-06-22,5
HSG-04601,Burringurrah,Gascoyne,9,2013-11-14,5
HSG-04602,Ardyaloon,Kimberley,4,2022-11-13,5
HSG-04603,Carnarvon Reserve,Gascoyne,3,2012-04-21,2
HSG-04604,Cheeditha,Pilbara,7,2014-05-08,2
HSG-04605,Warmun,Kimberley,6,2024-07-20,7
HSG-04606,Coonana,Goldfields,2,2004-07-16,4
HSG-04607,Carnarvon Reserve,Gascoyne,8,2016-05-04,6
HSG-04608,Pia Wadjari,Mid West,4,2020-07-12,8
HSG-04609,Carnarvon Reserve,Gascoyne,8,2011-07-09,6
HSG-04610,Yulga Jinna,Mid West,3,2022-05-05,5
HSG-04611,Coonana,Goldfields,6,2018-01-13,5
HSG-04612,Warmun,Kimberley,7,1999-10-22,3
HSG-04613,Burringurrah,Gascoyne,2,2014-03-10,6
HSG-04614,Warmun,Kimberley,4,2009-11-08,4
HSG-04615,Yulga Jinna,Mid West,1,2021-07-29,6
HSG-04616,Cheeditha,Pilbara,5,2025-08-18,7
HSG-04617,Warmun,Kimberley,5,2010-11-18,5
HSG-04618,Beagle Bay,Kimberley,8,1995-06-13,3
HSG-04619,Carnarvon Reserve,Gascoyne,6,2006-05-23,2
HSG-04620,Yulga Jinna,Mid West,3,1997-01-22,3
HSG-04621,Beagle Bay,Kimberley,7,2020-02-17,5
HSG-04622,Mungullah,Mid West,5,2012-03-26,4
HSG-04623,Tjuntjuntjara,Goldfields,4,2009-02-19,4
HSG-04624,Tjuntjuntjara,Goldfields,6,2010-10-06,4
HSG-04625,Carnarvon Reserve,Gascoyne,8,2000-05-30,2
HSG-04626,Jigalong,Pilbara,3,2023-04-20,9
HSG-04627,Carnarvon Reserve,Gascoyne,4,2013-11-19,3
HSG-04628,Beagle Bay,Kimberley,5,2013-01-31,5
HSG-04629,Burringurrah,Gascoyne,3,2009-10-06,4
HSG-04630,Yulga Jinna,Mid West,10,2014-11-21,5
HSG-04631,Beagle Bay,Kimberley,1,2019-10-14,8
HSG-04632,Kalumburu,Kimberley,6,2004-12-28,4
HSG-04633,Wongatha Wonganarra,Goldfields,3,2025-03-04,7
HSG-04634,Burringurrah,Gascoyne,4,2013-03-21,2
HSG-04635,Pia Wadjari,Mid West,9,2025-04-11,5
HSG-04636,Pia Wadjari,Mid West,8,2017-05-04,8
HSG-04637,Wakathuni,Pilbara,3,2019-06-16,7
HSG-04638,Coonana,Goldfields,4,2001-10-07,2
HSG-04639,Carnarvon Reserve,Gascoyne,4,2021-10-05,6
HSG-04640,Yulga Jinna,Mid West,4,2021-02-24,5
HSG-04641,Ardyaloon,Kimberley,8,2020-07-07,6
HSG-04642,Warmun,Kimberley,3,2021-04-08,7
HSG-04643,Cheeditha,Pilbara,5,1997-11-03,1
HSG-04644,Cheeditha,Pilbara,6,2010-06-16,6
HSG-04645,Burringurrah,Gascoyne,5,2018-10-25,7
HSG-04646,Jigalong,Pilbara,4,2022-09-09,6
HSG-04647,Cheeditha,Pilbara,2,2013-05-18,6
HSG-04648,Coonana,Goldfields,9,1995-10-19,4
HSG-04649,Warmun,Kimberley,3,1995-09-01,4
HSG-04650,Pia Wadjari,Mid West,5,2010-10-13,4
HSG-04651,Yulga Jinna,Mid West,6,2024-11-04,7
HSG-04652,Mungullah,Mid West,6,2001-09-12,2
HSG-04653,Yandeyarra,Pilbara,7,2015-05-31,7
HSG-04654,Yulga Jinna,Mid West,7,2022-04-17,6
HSG-04655,Jigalong,Pilbara,5,2018-07-13,7
HSG-04656,Tjuntjuntjara,Goldfields,9,2009-04-19,4
HSG-04657,Yulga Jinna,Mid West,7,2015-05-25,5
HSG-04658,Wongatha Wonganarra,Goldfields,5,2000-04-12,3
HSG-04659,Tjuntjuntjara,Goldfields,4,1996-03-21,4
HSG-04660,Kalumburu,Kimberley,4,2009-04-26,4
HSG-04661,Carnarvon Reserve,Gascoyne,4,2015-08-15,5
HSG-04662,Pia Wadjari,Mid West,5,2012-08-20,3
HSG-04663,Burringurrah,Gascoyne,2,2018-10-23,6
HSG-04664,Burringurrah,Gascoyne,3,2026-03-09,7
HSG-04665,Yandeyarra,Pilbara,5,2016-05-14,7
HSG-04666,Carnarvon Reserve,Gascoyne,8,2012-07-30,5
HSG-04667,Wongatha Wonganarra,Goldfields,4,2016-07-04,7
HSG-04668,Cheeditha,Pilbara,6,2015-07-24,5
HSG-04669,Carnarvon Reserve,Gascoyne,8,2024-01-05,5
HSG-04670,Tjuntjuntjara,Goldfields,5,2012-05-14,6
HSG-04671,Mungullah,Mid West,3,2015-03-02,6
HSG-04672,Wakathuni,Pilbara,8,2011-11-15,6
HSG-04673,Mungullah,Mid West,5,2021-05-17,5
HSG-04674,Burringurrah,Gascoyne,6,2017-11-18,7
HSG-04675,Kalumburu,Kimberley,6,2023-07-13,5
HSG-04676,Pia Wadjari,Mid West,6,2010-11-18,6
HSG-04677,Carnarvon Reserve,Gascoyne,3,2012-09-16,6
HSG-04678,Yulga Jinna,Mid West,1,2022-03-25,6
HSG-04679,Wongatha Wonganarra,Goldfields,6,2019-09-21,7
HSG-04680,Kalumburu,Kimberley,4,2015-06-18,6
HSG-04681,Carnarvon Reserve,Gascoyne,8,2013-07-07,8
HSG-04682,Jigalong,Pilbara,5,2015-05-06,6
HSG-04683,Coonana,Goldfields,7,2002-11-17,3
HSG-04684,Yulga Jinna,Mid West,4,2015-06-15,8
HSG-04685,Yulga Jinna,Mid West,7,2025-05-14,6
HSG-04686,Beagle Bay,Kimberley,2,2017-08-27,5
HSG-04687,Cheeditha,Pilbara,4,2015-01-15,6
HSG-04688,Coonana,Goldfields,3,1997-11-16,4
HSG-04689,Yulga Jinna,Mid West,1,2014-02-21,8
HSG-04690,Cheeditha,Pilbara,4,2017-02-25,6
HSG-04691,Jigalong,Pilbara,5,1996-08-15,4
HSG-04692,Tjuntjuntjara,Goldfields,2,2007-02-24,4
HSG-04693,Carnarvon Reserve,Gascoyne,3,2015-11-06,6
HSG-04694,Cheeditha,Pilbara,3,2023-06-14,9
HSG-04695,Coonana,Goldfields,7,2015-09-27,7
HSG-04696,Cheeditha,Pilbara,5,2014-03-08,8
HSG-04697,Carnarvon Reserve,Gascoyne,5,2013-08-04,5
HSG-04698,Jigalong,Pilbara,5,2015-09-03,7
HSG-04699,Burringurrah,Gascoyne,6,2023-02-05,5
HSG-04700,Carnarvon Reserve,Gascoyne,4,2013-11-24,7
HSG-04701,Coonana,Goldfields,7,2010-09-10,5
HSG-04702,Tjuntjuntjara,Goldfields,2,2016-05-23,5
HSG-04703,Burringurrah,Gascoyne,6,2010-06-19,9
HSG-04704,Tjuntjuntjara,Goldfields,2,2019-05-28,5
HSG-04705,Cheeditha,Pilbara,4,2022-06-19,8
HSG-04706,Carnarvon Reserve,Gascoyne,5,2010-09-29,4
HSG-04707,Burringurrah,Gascoyne,6,2021-05-06,5
HSG-04708,Cheeditha,Pilbara,2,1996-02-06,4
HSG-04709,Coonana,Goldfields,9,2023-11-25,6
HSG-04710,Wakathuni,Pilbara,5,2017-04-16,5
HSG-04711,Tjuntjuntjara,Goldfields,6,2012-04-07,6
HSG-04712,Tjuntjuntjara,Goldfields,6,2020-04-06,6
HSG-04713,Jigalong,Pilbara,7,2014-07-19,6
HSG-04714,Wakathuni,Pilbara,3,1998-09-10,4
HSG-04715,Beagle Bay,Kimberley,1,2012-10-15,9
HSG-04716,Coonana,Goldfields,7,2013-07-19,4
HSG-04717,Coonana,Goldfields,4,2011-01-08,4
HSG-04718,Ardyaloon,Kimberley,8,2003-03-06,3
HSG-04719,Pia Wadjari,Mid West,5,2022-06-08,5
HSG-04720,Burringurrah,Gascoyne,7,2024-07-24,5
HSG-04721,Wakathuni,Pilbara,1,2026-01-10,5
HSG-04722,Coonana,Goldfields,3,2018-09-10,6
HSG-04723,Burringurrah,Gascoyne,8,2002-03-13,2
HSG-04724,Cheeditha,Pilbara,3,2012-10-31,5
HSG-04725,Bidyadanga,Kimberley,4,2012-10-14,7
HSG-04726,Burringurrah,Gascoyne,5,2017-12-30,6
HSG-04727,Jigalong,Pilbara,4,2010-06-06,6
HSG-04728,Wongatha Wonganarra,Goldfields,7,2003-06-27,4
HSG-04729,Wongatha Wonganarra,Goldfields,7,2015-08-04,6
HSG-04730,Pia Wadjari,Mid West,7,2015-06-02,5
HSG-04731,Burringurrah,Gascoyne,6,2020-09-15,5
HSG-04732,Cheeditha,Pilbara,5,2023-04-18,6
HSG-04733,Pia Wadjari,Mid West,6,2014-03-24,3
HSG-04734,Ardyaloon,Kimberley,8,2013-03-14,2
HSG-04735,Tjuntjuntjara,Goldfields,3,2018-08-04,5
HSG-04736,Yandeyarra,Pilbara,6,2019-03-25,8
HSG-04737,Bidyadanga,Kimberley,1,2016-04-26,5
HSG-04738,Yandeyarra,Pilbara,1,2015-12-09,6
HSG-04739,Mungullah,Mid West,6,2019-07-11,8
HSG-04740,Yulga Jinna,Mid West,5,2020-06-15,7
HSG-04741,Bidyadanga,Kimberley,6,2017-01-06,5
HSG-04742,Burringurrah,Gascoyne,2,2013-08-05,6
HSG-04743,Burringurrah,Gascoyne,2,2021-09-17,8
HSG-04744,Wakathuni,Pilbara,5,2011-07-11,8
HSG-04745,Yulga Jinna,Mid West,4,2016-07-06,6
HSG-04746,Mungullah,Mid West,5,2026-03-24,5
HSG-04747,Wongatha Wonganarra,Goldfields,4,2020-11-23,6
HSG-04748,Coonana,Goldfields,3,2011-09-06,3
HSG-04749,Jigalong,Pilbara,8,2023-03-23,7
HSG-04750,Yandeyarra,Pilbara,5,2022-02-17,8
HSG-04751,Carnarvon Reserve,Gascoyne,4,2025-07-13,8
HSG-04752,Wongatha Wonganarra,Goldfields,5,2012-05-02,4
HSG-04753,Yulga Jinna,Mid West,9,2026-04-13,7
HSG-04754,Carnarvon Reserve,Gascoyne,5,2013-01-18,7
HSG-04755,Mungullah,Mid West,4,2019-08-21,7
HSG-04756,Pia Wadjari,Mid West,1,2013-09-02,4
HSG-04757,Wakathuni,Pilbara,7,2013-09-09,5
HSG-04758,Warmun,Kimberley,5,2009-03-02,3
HSG-04759,Tjuntjuntjara,Goldfields,9,2011-12-20,8
HSG-04760,Wongatha Wonganarra,Goldfields,5,2014-08-18,5
HSG-04761,Tjuntjuntjara,Goldfields,7,2021-11-17,9
HSG-04762,Yandeyarra,Pilbara,7,2016-03-20,9
HSG-04763,Carnarvon Reserve,Gascoyne,3,1997-06-28,4
HSG-04764,Pia Wadjari,Mid West,2,2019-04-09,6
HSG-04765,Mungullah,Mid West,5,2020-10-17,5
HSG-04766,Warmun,Kimberley,7,2021-04-28,8
HSG-04767,Yulga Jinna,Mid West,2,2008-02-22,4
HSG-04768,Yulga Jinna,Mid West,7,2019-08-15,5
HSG-04769,Carnarvon Reserve,Gascoyne,3,2025-12-14,7
HSG-04770,Jigalong,Pilbara,2,2021-08-08,5
HSG-04771,Carnarvon Reserve,Gascoyne,6,2001-03-09,4
HSG-04772,Warmun,Kimberley,7,2003-07-03,4
HSG-04773,Carnarvon Reserve,Gascoyne,8,2017-01-31,5
HSG-04774,Carnarvon Reserve,Gascoyne,6,2019-03-07,7
HSG-04775,Wongatha Wonganarra,Goldfields,4,2002-06-10,2
HSG-04776,Jigalong,Pilbara,6,2015-08-21,6
HSG-04777,Tjuntjuntjara,Goldfields,6,2013-03-31,5
HSG-04778,Yulga Jinna,Mid West,4,2011-09-23,9
HSG-04779,Jigalong,Pilbara,2,2014-01-04,7
HSG-04780,Yandeyarra,Pilbara,4,2016-01-19,5
HSG-04781,Wongatha Wonganarra,Goldfields,4,1998-07-28,4
HSG-04782,Beagle Bay,Kimberley,6,2011-07-28,8
HSG-04783,Burringurrah,Gascoyne,6,2026-02-23,6
HSG-04784,Carnarvon Reserve,Gascoyne,3,2012-04-27,6
HSG-04785,Yandeyarra,Pilbara,10,2016-01-26,5
HSG-04786,Burringurrah,Gascoyne,4,1997-09-24,4
HSG-04787,Beagle Bay,Kimberley,4,1998-06-08,1
HSG-04788,Coonana,Goldfields,6,1995-08-25,4
HSG-04789,Carnarvon Reserve,Gascoyne,1,2022-03-15,7
HSG-04790,Ardyaloon,Kimberley,3,2021-11-25,5
HSG-04791,Yulga Jinna,Mid West,8,2012-08-25,3
HSG-04792,Jigalong,Pilbara,2,2025-05-07,6
HSG-04793,Wongatha Wonganarra,Goldfields,8,1998-07-30,3
HSG-04794,Yulga Jinna,Mid West,6,2011-12-06,7
HSG-04795,Cheeditha,Pilbara,1,2015-02-27,7
HSG-04796,Wakathuni,Pilbara,7,2025-05-09,5
HSG-04797,Yandeyarra,Pilbara,8,2017-12-28,8
HSG-04798,Wakathuni,Pilbara,5,2023-08-10,5
HSG-04799,Burringurrah,Gascoyne,3,2022-10-07,5
HSG-04800,Bidyadanga,Kimberley,6,2021-02-12,5
HSG-04801,Carnarvon Reserve,Gascoyne,1,2026-03-14,8
HSG-04802,Carnarvon Reserve,Gascoyne,5,2014-06-27,5
HSG-04803,Ardyaloon,Kimberley,7,2017-02-19,8
HSG-04804,Pia Wadjari,Mid West,1,2020-05-01,6
HSG-04805,Carnarvon Reserve,Gascoyne,2,2025-08-07,6
HSG-04806,Pia Wadjari,Mid West,5,2024-02-12,7
HSG-04807,Burringurrah,Gascoyne,4,2011-07-26,2
HSG-04808,Beagle Bay,Kimberley,4,2014-05-08,6
HSG-04809,Jigalong,Pilbara,7,2011-02-16,3
HSG-04810,Yandeyarra,Pilbara,7,1999-11-08,4
HSG-04811,Yulga Jinna,Mid West,6,2022-05-03,5
HSG-04812,Kalumburu,Kimberley,5,2024-03-31,7
HSG-04813,Warmun,Kimberley,2,2002-04-12,4
HSG-04814,Jigalong,Pilbara,5,2025-03-29,10
HSG-04815,Carnarvon Reserve,Gascoyne,3,2012-03-24,9
HSG-04816,Wongatha Wonganarra,Goldfields,9,2012-01-26,5
HSG-04817,Jigalong,Pilbara,4,2013-01-02,4
HSG-04818,Carnarvon Reserve,Gascoyne,5,2000-11-22,3
HSG-04819,Coonana,Goldfields,5,2025-06-25,8
HSG-04820,Wakathuni,Pilbara,4,2016-09-07,5
HSG-04821,Beagle Bay,Kimberley,1,2017-03-02,6
HSG-04822,Ardyaloon,Kimberley,6,2017-05-20,6
HSG-04823,Burringurrah,Gascoyne,5,2021-12-09,5
HSG-04824,Kalumburu,Kimberley,6,2016-03-24,5
HSG-04825,Cheeditha,Pilbara,6,2014-03-28,6
HSG-04826,Kalumburu,Kimberley,7,2019-06-07,7
HSG-04827,Tjuntjuntjara,Goldfields,5,2014-04-29,8
HSG-04828,Beagle Bay,Kimberley,6,2015-03-28,8
HSG-04829,Burringurrah,Gascoyne,6,2014-04-13,2
HSG-04830,Wakathuni,Pilbara,8,2023-03-19,6
HSG-04831,Coonana,Goldfields,5,2012-11-30,6
HSG-04832,Burringurrah,Gascoyne,4,2014-11-15,6
HSG-04833,Coonana,Goldfields,4,2020-05-17,8
HSG-04834,Coonana,Goldfields,5,2022-05-17,5
HSG-04835,Wakathuni,Pilbara,3,2024-10-25,6
HSG-04836,Bidyadanga,Kimberley,5,2020-09-27,6
HSG-04837,Wakathuni,Pilbara,3,2006-05-04,3
HSG-04838,Yandeyarra,Pilbara,6,2012-04-19,8
HSG-04839,Pia Wadjari,Mid West,3,2025-10-30,8
HSG-04840,Jigalong,Pilbara,6,2022-01-06,5
HSG-04841,Carnarvon Reserve,Gascoyne,4,2003-12-23,3
HSG-04842,Coonana,Goldfields,7,2014-02-08,4
HSG-04843,Coonana,Goldfields,3,2019-05-01,7
HSG-04844,Ardyaloon,Kimberley,1,2002-11-09,3
HSG-04845,Yulga Jinna,Mid West,5,2011-11-26,6
HSG-04846,Pia Wadjari,Mid West,6,2023-11-22,5
HSG-04847,Yulga Jinna,Mid West,10,2014-11-23,5
HSG-04848,Tjuntjuntjara,Goldfields,4,2009-01-27,4
HSG-04849,Tjuntjuntjara,Goldfields,5,2023-03-21,7
HSG-04850,Tjuntjuntjara,Goldfields,8,2001-06-03,3
HSG-04851,Ardyaloon,Kimberley,4,2025-03-30,6
HSG-04852,Carnarvon Reserve,Gascoyne,6,2025-02-12,6
HSG-04853,Warmun,Kimberley,6,1997-02-08,4
HSG-04854,Warmun,Kimberley,8,2014-01-11,7
HSG-04855,Warmun,Kimberley,2,2008-10-29,4
HSG-04856,Carnarvon Reserve,Gascoyne,3,2025-09-07,7
HSG-04857,Bidyadanga,Kimberley,2,2012-04-08,5
HSG-04858,Yandeyarra,Pilbara,6,2022-12-06,5
HSG-04859,Warmun,Kimberley,6,2012-02-22,4
HSG-04860,Carnarvon Reserve,Gascoyne,6,2000-10-16,4
HSG-04861,Beagle Bay,Kimberley,4,2024-10-05,6
HSG-04862,Cheeditha,Pilbara,5,2024-05-05,6
HSG-04863,Tjuntjuntjara,Goldfields,3,2017-09-22,5
HSG-04864,Coonana,Goldfields,5,2002-03-07,3
HSG-04865,Beagle Bay,Kimberley,4,2026-05-21,6
HSG-04866,Burringurrah,Gascoyne,2,2020-12-03,8
HSG-04867,Burringurrah,Gascoyne,8,1999-10-30,3
HSG-04868,Yulga Jinna,Mid West,8,2017-09-19,5
HSG-04869,Beagle Bay,Kimberley,6,2022-08-16,5
HSG-04870,Bidyadanga,Kimberley,7,2019-06-22,6
HSG-04871,Wakathuni,Pilbara,3,2008-10-20,3
HSG-04872,Tjuntjuntjara,Goldfields,2,2013-10-21,6
HSG-04873,Yandeyarra,Pilbara,6,2014-08-06,7
HSG-04874,Kalumburu,Kimberley,5,2007-03-25,3
HSG-04875,Mungullah,Mid West,3,2025-04-30,8
HSG-04876,Tjuntjuntjara,Goldfields,4,2012-10-27,6
HSG-04877,Bidyadanga,Kimberley,3,2015-07-16,6
HSG-04878,Carnarvon Reserve,Gascoyne,4,2024-03-31,7
HSG-04879,Warmun,Kimberley,7,2010-06-26,5
HSG-04880,Mungullah,Mid West,5,2018-05-12,5
HSG-04881,Bidyadanga,Kimberley,2,1996-02-06,4
HSG-04882,Carnarvon Reserve,Gascoyne,5,2017-08-11,6
HSG-04883,Bidyadanga,Kimberley,5,2018-06-24,5
HSG-04884,Bidyadanga,Kimberley,7,2021-05-09,6
HSG-04885,Wongatha Wonganarra,Goldfields,7,1998-05-17,2
HSG-04886,Burringurrah,Gascoyne,1,2010-11-12,6
HSG-04887,Burringurrah,Gascoyne,2,2018-07-04,5
HSG-04888,Beagle Bay,Kimberley,4,2011-08-04,8
HSG-04889,Yulga Jinna,Mid West,6,2022-10-30,6
HSG-04890,Yulga Jinna,Mid West,7,2017-04-09,6
HSG-04891,Pia Wadjari,Mid West,4,2023-03-15,7
HSG-04892,Wakathuni,Pilbara,3,2017-05-06,6
HSG-04893,Pia Wadjari,Mid West,2,2018-01-24,6
HSG-04894,Jigalong,Pilbara,5,2015-10-21,9
HSG-04895,Jigalong,Pilbara,2,1997-06-28,4
HSG-04896,Burringurrah,Gascoyne,7,2022-07-22,6
HSG-04897,Mungullah,Mid West,5,2011-06-03,4
HSG-04898,Coonana,Goldfields,4,2012-06-28,8
HSG-04899,Yandeyarra,Pilbara,5,2019-10-04,6
HSG-04900,Kalumburu,Kimberley,5,1999-09-02,3
HSG-04901,Yandeyarra,Pilbara,7,2023-11-01,6
HSG-04902,Beagle Bay,Kimberley,10,2013-07-14,4
HSG-04903,Coonana,Goldfields,7,1997-04-24,3
HSG-04904,Cheeditha,Pilbara,5,2012-03-18,7
HSG-04905,Ardyaloon,Kimberley,1,2012-05-21,5
HSG-04906,Burringurrah,Gascoyne,4,1998-05-21,4
HSG-04907,Kalumburu,Kimberley,6,2014-01-19,8
HSG-04908,Wongatha Wonganarra,Goldfields,5,2022-03-09,6
HSG-04909,Warmun,Kimberley,5,2014-09-07,6
HSG-04910,Carnarvon Reserve,Gascoyne,3,2011-09-16,7
HSG-04911,Tjuntjuntjara,Goldfields,6,2025-08-26,6
HSG-04912,Yandeyarra,Pilbara,3,2026-01-17,5
HSG-04913,Carnarvon Reserve,Gascoyne,5,2000-10-05,3
HSG-04914,Tjuntjuntjara,Goldfields,1,2012-03-01,4
HSG-04915,Wakathuni,Pilbara,6,1996-04-23,4
HSG-04916,Wongatha Wonganarra,Goldfields,3,2002-04-19,4
HSG-04917,Beagle Bay,Kimberley,4,2010-06-22,5
HSG-04918,Burringurrah,Gascoyne,10,2020-07-27,7
HSG-04919,Yulga Jinna,Mid West,7,2021-10-05,8
HSG-04920,Yulga Jinna,Mid West,3,1998-06-30,3
HSG-04921,Bidyadanga,Kimberley,3,2024-08-01,8
HSG-04922,Coonana,Goldfields,4,2011-01-21,3
HSG-04923,Kalumburu,Kimberley,4,2013-04-05,5
HSG-04924,Tjuntjuntjara,Goldfields,6,2024-09-18,6
HSG-04925,Carnarvon Reserve,Gascoyne,3,2020-09-23,7
HSG-04926,Wongatha Wonganarra,Goldfields,4,2018-12-12,5
HSG-04927,Pia Wadjari,Mid West,7,2010-10-10,4
HSG-04928,Burringurrah,Gascoyne,4,2021-01-01,7
HSG-04929,Kalumburu,Kimberley,3,2012-06-07,5
HSG-04930,Wongatha Wonganarra,Goldfields,6,2013-11-17,9
HSG-04931,Carnarvon Reserve,Gascoyne,6,2017-07-22,6
HSG-04932,Mungullah,Mid West,6,2005-10-15,4
HSG-04933,Burringurrah,Gascoyne,5,2022-04-27,5
HSG-04934,Mungullah,Mid West,6,2021-08-16,6
HSG-04935,Coonana,Goldfields,6,2014-03-21,5
HSG-04936,Cheeditha,Pilbara,5,1996-02-02,3
HSG-04937,Pia Wadjari,Mid West,4,2022-05-30,8
HSG-04938,Carnarvon Reserve,Gascoyne,6,2017-08-31,5
HSG-04939,Yulga Jinna,Mid West,9,1998-02-09,3
HSG-04940,Carnarvon Reserve,Gascoyne,3,2013-03-23,9
HSG-04941,Tjuntjuntjara,Goldfields,5,2011-03-17,5
HSG-04942,Burringurrah,Gascoyne,2,2023-10-25,6
HSG-04943,Kalumburu,Kimberley,6,2012-04-17,4
HSG-04944,Coonana,Goldfields,5,2020-04-03,5
HSG-04945,Carnarvon Reserve,Gascoyne,6,2002-07-01,3
HSG-04946,Carnarvon Reserve,Gascoyne,8,2019-11-04,7
HSG-04947,Beagle Bay,Kimberley,4,2019-09-30,5
HSG-04948,Mungullah,Mid West,5,2004-02-29,4
HSG-04949,Yandeyarra,Pilbara,4,2017-12-18,5
HSG-04950,Carnarvon Reserve,Gascoyne,9,2013-12-13,7
HSG-04951,Beagle Bay,Kimberley,7,2015-01-10,6
HSG-04952,Tjuntjuntjara,Goldfields,3,2022-01-16,5
HSG-04953,Kalumburu,Kimberley,7,2010-10-26,3
HSG-04954,Wongatha Wonganarra,Goldfields,6,2025-02-20,10
HSG-04955,Tjuntjuntjara,Goldfields,7,2025-08-12,8
HSG-04956,Pia Wadjari,Mid West,5,2023-10-02,7
HSG-04957,Yulga Jinna,Mid West,3,2023-09-08,7
HSG-04958,Cheeditha,Pilbara,6,2024-08-23,6
HSG-04959,Carnarvon Reserve,Gascoyne,8,2013-10-08,5
HSG-04960,Carnarvon Reserve,Gascoyne,5,2023-01-11,6
HSG-04961,Warmun,Kimberley,3,2017-11-01,6
HSG-04962,Carnarvon Reserve,Gascoyne,1,2018-12-15,7
HSG-04963,Carnarvon Reserve,Gascoyne,5,2013-07-16,5
HSG-04964,Pia Wadjari,Mid West,3,2012-07-21,5
HSG-04965,Carnarvon Reserve,Gascoyne,7,2013-06-10,6
HSG-04966,Burringurrah,Gascoyne,3,2004-09-17,4
HSG-04967,Yulga Jinna,Mid West,6,2004-06-16,4
HSG-04968,Bidyadanga,Kimberley,5,2015-08-04,6
HSG-04969,Tjuntjuntjara,Goldfields,6,2025-04-03,7
HSG-04970,Kalumburu,Kimberley,2,2009-07-31,2
HSG-04971,Yandeyarra,Pilbara,4,2010-11-30,9
HSG-04972,Wakathuni,Pilbara,9,2024-12-01,9
HSG-04973,Ardyaloon,Kimberley,5,1999-04-26,2
HSG-04974,Yulga Jinna,Mid West,1,2013-02-05,4
HSG-04975,Burringurrah,Gascoyne,5,2019-10-28,8
HSG-04976,Coonana,Goldfields,7,2012-06-03,6
HSG-04977,Yandeyarra,Pilbara,3,1997-08-13,4
HSG-04978,Tjuntjuntjara,Goldfields,6,2014-07-30,7
HSG-04979,Warmun,Kimberley,6,1999-06-02,4
HSG-04980,Ardyaloon,Kimberley,6,2017-03-23,6
HSG-04981,Wongatha Wonganarra,Goldfields,3,1996-01-29,4
HSG-04982,Yandeyarra,Pilbara,7,2016-11-20,5
HSG-04983,Yulga Jinna,Mid West,8,2017-08-19,6
HSG-04984,Burringurrah,Gascoyne,4,2012-09-20,5
HSG-04985,Mungullah,Mid West,5,2003-10-24,4
HSG-04986,Coonana,Goldfields,3,2025-12-21,7
HSG-04987,Tjuntjuntjara,Goldfields,7,2014-09-24,7
HSG-04988,Pia Wadjari,Mid West,8,2025-08-10,5
HSG-04989,Pia Wadjari,Mid West,9,2004-02-11,4
HSG-04990,Yandeyarra,Pilbara,3,2001-03-30,2
HSG-04991,Cheeditha,Pilbara,4,2017-11-05,5
HSG-04992,Mungullah,Mid West,6,2020-10-28,6
HSG-04993,Wongatha Wonganarra,Goldfields,2,2017-05-04,5
HSG-04994,Warmun,Kimberley,4,2003-07-30,2
HSG-04995,Burringurrah,Gascoyne,3,2007-05-07,4
HSG-04996,Warmun,Kimberley,8,2021-02-24,6
HSG-04997,Beagle Bay,Kimberley,6,2010-01-03,3
HSG-04998,Wakathuni,Pilbara,8,2012-09-30,8
HSG-04999,Pia Wadjari,Mid West,1,2002-03-28,4
HSG-05000,Wongatha Wonganarra,Goldfields,6,2023-11-12,7
